Lp.,"ID",Data rozpoczęcia,Data zakończenia,Całkowity czas wypełniania,Rzeczywisty czas wypełniania,1. W jakiej jednostce uczelni Pani/Pan pracuje?,2. Na jakim wydziale uczelni Pani/Pan pracuje?,3. Na jakiego rodzaju stanowisku jest Pani zatrudniona/ jest Pan zatrudniony?,3. Na jakiego rodzaju stanowisku jest Pani zatrudniona/ jest Pan zatrudniony? [Wpisz...],3A. Czy prowadzi Pani/Pan zajęcia dydaktyczne?,4A. Na jakim kierunku prowadzi Pani/Pan zajęcia? [Filozofia],4A. Na jakim kierunku prowadzi Pani/Pan zajęcia? [Psychologia],4A. Na jakim kierunku prowadzi Pani/Pan zajęcia? [Inny (jaki?)],4A. Na jakim kierunku prowadzi Pani/Pan zajęcia? [Inny (jaki?)] [Wpisz...],"4B. Na jakim kierunku prowadzi Pani/Pan zajęcia? [Archiwistyka, zarządzanie dokumentacją i infobrokerstwo]",4B. Na jakim kierunku prowadzi Pani/Pan zajęcia? [Historia],4B. Na jakim kierunku prowadzi Pani/Pan zajęcia? [Historia sztuki],4B. Na jakim kierunku prowadzi Pani/Pan zajęcia? [Muzyka kościelna],4B. Na jakim kierunku prowadzi Pani/Pan zajęcia? [Ochrona dóbr kultury],4B. Na jakim kierunku prowadzi Pani/Pan zajęcia? [Turystyka i zarządzanie dziedzictwem],4B. Na jakim kierunku prowadzi Pani/Pan zajęcia? [Inny (jaki?)],4B. Na jakim kierunku prowadzi Pani/Pan zajęcia? [Inny (jaki?)] [Wpisz...],"4C. Na jakim kierunku prowadzi Pani/Pan zajęcia? [Digital media - kreatywność, analiza, zarządzanie]",4C. Na jakim kierunku prowadzi Pani/Pan zajęcia? [Dziennikarstwo i komunikacja społeczna],"4C. Na jakim kierunku prowadzi Pani/Pan zajęcia? [Komunikowanie promocyjno-wizerunkowe - reklama, branding, public relations]",4C. Na jakim kierunku prowadzi Pani/Pan zajęcia? [Nauki o rodzinie],4C. Na jakim kierunku prowadzi Pani/Pan zajęcia? [Pedagogika],4C. Na jakim kierunku prowadzi Pani/Pan zajęcia? [Praca socjalna],4C. Na jakim kierunku prowadzi Pani/Pan zajęcia? [Socjologia],4C. Na jakim kierunku prowadzi Pani/Pan zajęcia? [Inny (jaki?)],4C. Na jakim kierunku prowadzi Pani/Pan zajęcia? [Inny (jaki?)] [Wpisz...],4D. Na jakim kierunku prowadzi Pani/Pan zajęcia? [Licencjat kanoniczny],4D. Na jakim kierunku prowadzi Pani/Pan zajęcia? [Specjalistyczne studia teologiczne trzeciego cyklu],4D. Na jakim kierunku prowadzi Pani/Pan zajęcia? [Teologia],4D. Na jakim kierunku prowadzi Pani/Pan zajęcia? [Inny (jaki?)],4D. Na jakim kierunku prowadzi Pani/Pan zajęcia? [Inny (jaki?)] [Wpisz...],4E. Na jakim kierunku prowadzi Pani/Pan zajęcia? [Prawo kanoniczne],4E. Na jakim kierunku prowadzi Pani/Pan zajęcia? [Inny (jaki?)],4E. Na jakim kierunku prowadzi Pani/Pan zajęcia? [Inny (jaki?)] [Wpisz...],4F. Na jakim kierunku prowadzi Pani/Pan zajęcia? [Teologia],4F. Na jakim kierunku prowadzi Pani/Pan zajęcia? [Inny (jaki?)],4F. Na jakim kierunku prowadzi Pani/Pan zajęcia? [Inny (jaki?)] [Wpisz...],5. Czy pracowała Pani/ pracował Pan wcześniej na innej uczelni?,"5.1. Proszę wpisać pełną nazwę uczelni, na której pracowała Pani/ pracował Pan wcześniej.",6. Z jakiego powodu zdecydowała się Pani/ zdecydował się Pan na pracę w UPJPII? [Prestiż uczelni],6. Z jakiego powodu zdecydowała się Pani/ zdecydował się Pan na pracę w UPJPII? [Konkurencyjne warunki zatrudnienia],6. Z jakiego powodu zdecydowała się Pani/ zdecydował się Pan na pracę w UPJPII? [Otwarcie konkursu na stanowisko o profilu zgodnym z moimi zainteresowaniami],6. Z jakiego powodu zdecydowała się Pani/ zdecydował się Pan na pracę w UPJPII? [Wcześniejsza znajomość środowiska uczelni],6. Z jakiego powodu zdecydowała się Pani/ zdecydował się Pan na pracę w UPJPII? [Możliwości rozwoju naukowego],6. Z jakiego powodu zdecydowała się Pani/ zdecydował się Pan na pracę w UPJPII? [Katolicki profil uczelni],6. Z jakiego powodu zdecydowała się Pani/ zdecydował się Pan na pracę w UPJPII? [Dobre opinie o uczelni],6. Z jakiego powodu zdecydowała się Pani/ zdecydował się Pan na pracę w UPJPII? [Inny powód (jaki?)],6. Z jakiego powodu zdecydowała się Pani/ zdecydował się Pan na pracę w UPJPII? [Inny powód (jaki?)] [Wpisz...],"7. Jak, biorąc pod uwagę całokształt Pani/Pana doświadczeń z UPJPII, ocenia Pani/Pan swoją satysfakcję z pracy właśnie tutaj?","7.1. Co na uczelni musiałoby się zmienić lub poprawić, żeby Pani/Pana ocena satysfakcji była wyższa?","8A. Teraz chcielibyśmy poznać Pani/Pana satysfakcję z pracy na UPJPII nieco dokładniej. W jakim stopniu jest Pani zadowolona/ jest Pan zadowolony lub jest Pani niezadowolona/ jest Pan niezadowolony z następujących aspektów pracy: [Wyposażenie i infrastruktura uczelni (sprzęt, budynki dydaktyczne, przestrzeń wspólna etc.)]","8A. Teraz chcielibyśmy poznać Pani/Pana satysfakcję z pracy na UPJPII nieco dokładniej. W jakim stopniu jest Pani zadowolona/ jest Pan zadowolony lub jest Pani niezadowolona/ jest Pan niezadowolony z następujących aspektów pracy: [Organizacja pracy badawczej (plany badawcze, struktura, zarządzanie zespołami etc.)]","8A. Teraz chcielibyśmy poznać Pani/Pana satysfakcję z pracy na UPJPII nieco dokładniej. W jakim stopniu jest Pani zadowolona/ jest Pan zadowolony lub jest Pani niezadowolona/ jest Pan niezadowolony z następujących aspektów pracy: [Organizacja pracy dydaktycznej (programy i plany studiów, harmonogramy etc.)]",8A. Teraz chcielibyśmy poznać Pani/Pana satysfakcję z pracy na UPJPII nieco dokładniej. W jakim stopniu jest Pani zadowolona/ jest Pan zadowolony lub jest Pani niezadowolona/ jest Pan niezadowolony z następujących aspektów pracy: [System motywacji pracowników],8A. Teraz chcielibyśmy poznać Pani/Pana satysfakcję z pracy na UPJPII nieco dokładniej. W jakim stopniu jest Pani zadowolona/ jest Pan zadowolony lub jest Pani niezadowolona/ jest Pan niezadowolony z następujących aspektów pracy: [Stosunek przełożonych do pracowników],8A. Teraz chcielibyśmy poznać Pani/Pana satysfakcję z pracy na UPJPII nieco dokładniej. W jakim stopniu jest Pani zadowolona/ jest Pan zadowolony lub jest Pani niezadowolona/ jest Pan niezadowolony z następujących aspektów pracy: [Stosunki pomiędzy pracownikami uczelni],"8A. Teraz chcielibyśmy poznać Pani/Pana satysfakcję z pracy na UPJPII nieco dokładniej. W jakim stopniu jest Pani zadowolona/ jest Pan zadowolony lub jest Pani niezadowolona/ jest Pan niezadowolony z następujących aspektów pracy: [Wynagrodzenie (uwzględniając wszystkie jego składniki, np. 13-tą pensję)]",8A. Teraz chcielibyśmy poznać Pani/Pana satysfakcję z pracy na UPJPII nieco dokładniej. W jakim stopniu jest Pani zadowolona/ jest Pan zadowolony lub jest Pani niezadowolona/ jest Pan niezadowolony z następujących aspektów pracy: [Możliwość rozwoju umiejętności badawczych],8A. Teraz chcielibyśmy poznać Pani/Pana satysfakcję z pracy na UPJPII nieco dokładniej. W jakim stopniu jest Pani zadowolona/ jest Pan zadowolony lub jest Pani niezadowolona/ jest Pan niezadowolony z następujących aspektów pracy: [Możliwość rozwoju umiejętności dydaktycznych],8A. Teraz chcielibyśmy poznać Pani/Pana satysfakcję z pracy na UPJPII nieco dokładniej. W jakim stopniu jest Pani zadowolona/ jest Pan zadowolony lub jest Pani niezadowolona/ jest Pan niezadowolony z następujących aspektów pracy: [Możliwość prowadzenia współpracy zagranicznej],"8A. Teraz chcielibyśmy poznać Pani/Pana satysfakcję z pracy na UPJPII nieco dokładniej. W jakim stopniu jest Pani zadowolona/ jest Pan zadowolony lub jest Pani niezadowolona/ jest Pan niezadowolony z następujących aspektów pracy: [Możliwość rozwoju religijnego (możliwość pogłębienia wiary, działalność duszpasterstwa akademickiego etc.)]","8A. Teraz chcielibyśmy poznać Pani/Pana satysfakcję z pracy na UPJPII nieco dokładniej. W jakim stopniu jest Pani zadowolona/ jest Pan zadowolony lub jest Pani niezadowolona/ jest Pan niezadowolony z następujących aspektów pracy: [Możliwość rozwoju osobistego (np. zajęcia sportowe, działalność w inicjatywach, organizacjach etc.)]","8B. Teraz chcielibyśmy poznać Pani/Pana satysfakcję z pracy na UPJPII nieco dokładniej. W jakim stopniu jest Pani zadowolona/ jest Pan zadowolony lub jest Pani niezadowolona/ jest Pan niezadowolony z następujących aspektów pracy: [Wyposażenie i infrastruktura uczelni (sprzęt, budynki dydaktyczne, przestrzeń wspólna etc.)]","8B. Teraz chcielibyśmy poznać Pani/Pana satysfakcję z pracy na UPJPII nieco dokładniej. W jakim stopniu jest Pani zadowolona/ jest Pan zadowolony lub jest Pani niezadowolona/ jest Pan niezadowolony z następujących aspektów pracy: [Organizacja pracy (np. struktura zespołów, system pracy, rozliczanie czasu pracy etc.)]",8B. Teraz chcielibyśmy poznać Pani/Pana satysfakcję z pracy na UPJPII nieco dokładniej. W jakim stopniu jest Pani zadowolona/ jest Pan zadowolony lub jest Pani niezadowolona/ jest Pan niezadowolony z następujących aspektów pracy: [Rzeczywiste obciążenie obowiązkami w stosunku do obowiązków wynikających z umowy],8B. Teraz chcielibyśmy poznać Pani/Pana satysfakcję z pracy na UPJPII nieco dokładniej. W jakim stopniu jest Pani zadowolona/ jest Pan zadowolony lub jest Pani niezadowolona/ jest Pan niezadowolony z następujących aspektów pracy: [System motywacji pracowników],8B. Teraz chcielibyśmy poznać Pani/Pana satysfakcję z pracy na UPJPII nieco dokładniej. W jakim stopniu jest Pani zadowolona/ jest Pan zadowolony lub jest Pani niezadowolona/ jest Pan niezadowolony z następujących aspektów pracy: [Realizowana przez władze polityka personalna],8B. Teraz chcielibyśmy poznać Pani/Pana satysfakcję z pracy na UPJPII nieco dokładniej. W jakim stopniu jest Pani zadowolona/ jest Pan zadowolony lub jest Pani niezadowolona/ jest Pan niezadowolony z następujących aspektów pracy: [Stosunek przełożonych do pracowników],8B. Teraz chcielibyśmy poznać Pani/Pana satysfakcję z pracy na UPJPII nieco dokładniej. W jakim stopniu jest Pani zadowolona/ jest Pan zadowolony lub jest Pani niezadowolona/ jest Pan niezadowolony z następujących aspektów pracy: [Stosunki pomiędzy pracownikami uczelni],"8B. Teraz chcielibyśmy poznać Pani/Pana satysfakcję z pracy na UPJPII nieco dokładniej. W jakim stopniu jest Pani zadowolona/ jest Pan zadowolony lub jest Pani niezadowolona/ jest Pan niezadowolony z następujących aspektów pracy: [Wynagrodzenie (uwzględniając wszystkie jego składniki, np. 13-tą pensję)]","8B. Teraz chcielibyśmy poznać Pani/Pana satysfakcję z pracy na UPJPII nieco dokładniej. W jakim stopniu jest Pani zadowolona/ jest Pan zadowolony lub jest Pani niezadowolona/ jest Pan niezadowolony z następujących aspektów pracy: [Możliwość rozwoju umiejętności zawodowych (np. dodatkowe kursy, szkolenia)]",8B. Teraz chcielibyśmy poznać Pani/Pana satysfakcję z pracy na UPJPII nieco dokładniej. W jakim stopniu jest Pani zadowolona/ jest Pan zadowolony lub jest Pani niezadowolona/ jest Pan niezadowolony z następujących aspektów pracy: [Możliwość rozwoju kompetencji cenionych na rynku pracy (np. aktywne korzystanie z języków obcych)],"8B. Teraz chcielibyśmy poznać Pani/Pana satysfakcję z pracy na UPJPII nieco dokładniej. W jakim stopniu jest Pani zadowolona/ jest Pan zadowolony lub jest Pani niezadowolona/ jest Pan niezadowolony z następujących aspektów pracy: [Możliwość rozwoju religijnego (możliwość pogłębienia wiary, działalność duszpasterstwa akademickiego etc.)]","8B. Teraz chcielibyśmy poznać Pani/Pana satysfakcję z pracy na UPJPII nieco dokładniej. W jakim stopniu jest Pani zadowolona/ jest Pan zadowolony lub jest Pani niezadowolona/ jest Pan niezadowolony z następujących aspektów pracy: [Możliwość rozwoju osobistego (np. dodatkowe kursy, zajęcia sportowe, działalność w inicjatywach, organizacjach etc.)]","9. Najpierw chcielibyśmy zapytać o postrzeganie uczelni w kręgu bliskich Pani/Panu osób. Proszę wybrać z listy maks. 5 określeń, które Pani/Pana zdaniem najlepiej oddają to, jak UPJPII jest postrzegany przez innych. [Uczelnia katolicka]","9. Najpierw chcielibyśmy zapytać o postrzeganie uczelni w kręgu bliskich Pani/Panu osób. Proszę wybrać z listy maks. 5 określeń, które Pani/Pana zdaniem najlepiej oddają to, jak UPJPII jest postrzegany przez innych. [Uczelnia nowoczesna]","9. Najpierw chcielibyśmy zapytać o postrzeganie uczelni w kręgu bliskich Pani/Panu osób. Proszę wybrać z listy maks. 5 określeń, które Pani/Pana zdaniem najlepiej oddają to, jak UPJPII jest postrzegany przez innych. [Dobre miejsce do studiowania]","9. Najpierw chcielibyśmy zapytać o postrzeganie uczelni w kręgu bliskich Pani/Panu osób. Proszę wybrać z listy maks. 5 określeń, które Pani/Pana zdaniem najlepiej oddają to, jak UPJPII jest postrzegany przez innych. [Dobre miejsce do rozwoju osobistego]","9. Najpierw chcielibyśmy zapytać o postrzeganie uczelni w kręgu bliskich Pani/Panu osób. Proszę wybrać z listy maks. 5 określeń, które Pani/Pana zdaniem najlepiej oddają to, jak UPJPII jest postrzegany przez innych. [Szkoła zapewniająca dobry start na rynku pracy]","9. Najpierw chcielibyśmy zapytać o postrzeganie uczelni w kręgu bliskich Pani/Panu osób. Proszę wybrać z listy maks. 5 określeń, które Pani/Pana zdaniem najlepiej oddają to, jak UPJPII jest postrzegany przez innych. [Szkoła oferująca atrakcyjne kierunki studiów]","9. Najpierw chcielibyśmy zapytać o postrzeganie uczelni w kręgu bliskich Pani/Panu osób. Proszę wybrać z listy maks. 5 określeń, które Pani/Pana zdaniem najlepiej oddają to, jak UPJPII jest postrzegany przez innych. [Uczelnia tworząca własną społeczność i wspólnotę]","9. Najpierw chcielibyśmy zapytać o postrzeganie uczelni w kręgu bliskich Pani/Panu osób. Proszę wybrać z listy maks. 5 określeń, które Pani/Pana zdaniem najlepiej oddają to, jak UPJPII jest postrzegany przez innych. [Uczelnia wyjątkowa]","9. Najpierw chcielibyśmy zapytać o postrzeganie uczelni w kręgu bliskich Pani/Panu osób. Proszę wybrać z listy maks. 5 określeń, które Pani/Pana zdaniem najlepiej oddają to, jak UPJPII jest postrzegany przez innych. [Uczelnia papieska]","9. Najpierw chcielibyśmy zapytać o postrzeganie uczelni w kręgu bliskich Pani/Panu osób. Proszę wybrać z listy maks. 5 określeń, które Pani/Pana zdaniem najlepiej oddają to, jak UPJPII jest postrzegany przez innych. [Uczelnia kameralna]","9. Najpierw chcielibyśmy zapytać o postrzeganie uczelni w kręgu bliskich Pani/Panu osób. Proszę wybrać z listy maks. 5 określeń, które Pani/Pana zdaniem najlepiej oddają to, jak UPJPII jest postrzegany przez innych. [Uczelnia prestiżowa]","9. Najpierw chcielibyśmy zapytać o postrzeganie uczelni w kręgu bliskich Pani/Panu osób. Proszę wybrać z listy maks. 5 określeń, które Pani/Pana zdaniem najlepiej oddają to, jak UPJPII jest postrzegany przez innych. [Uczelnia międzynarodowa]","9. Najpierw chcielibyśmy zapytać o postrzeganie uczelni w kręgu bliskich Pani/Panu osób. Proszę wybrać z listy maks. 5 określeń, które Pani/Pana zdaniem najlepiej oddają to, jak UPJPII jest postrzegany przez innych. [Uczelnia posiadająca dobrą kadrę]","9. Najpierw chcielibyśmy zapytać o postrzeganie uczelni w kręgu bliskich Pani/Panu osób. Proszę wybrać z listy maks. 5 określeń, które Pani/Pana zdaniem najlepiej oddają to, jak UPJPII jest postrzegany przez innych. [Uczelnia z tradycjami]","9. Najpierw chcielibyśmy zapytać o postrzeganie uczelni w kręgu bliskich Pani/Panu osób. Proszę wybrać z listy maks. 5 określeń, które Pani/Pana zdaniem najlepiej oddają to, jak UPJPII jest postrzegany przez innych. [Uczelnia badawcza]","9. Najpierw chcielibyśmy zapytać o postrzeganie uczelni w kręgu bliskich Pani/Panu osób. Proszę wybrać z listy maks. 5 określeń, które Pani/Pana zdaniem najlepiej oddają to, jak UPJPII jest postrzegany przez innych. [Żadne z wymienionych]","10. Poprzednie pytanie dotyczyło postrzegania uczelni przez Pani/Pana otoczenie. A z czym Pani/Panu osobiście kojarzy się UPJPII? Proszę wybrać z listy 1-2 zestawy wyrazów i określeń, które Pani/Pana zdaniem najlepiej oddają charakter UPJPII. [Kościelna, katolicka, wiara]","10. Poprzednie pytanie dotyczyło postrzegania uczelni przez Pani/Pana otoczenie. A z czym Pani/Panu osobiście kojarzy się UPJPII? Proszę wybrać z listy 1-2 zestawy wyrazów i określeń, które Pani/Pana zdaniem najlepiej oddają charakter UPJPII. [Patriotyzm, powołanie, zaangażowanie]","10. Poprzednie pytanie dotyczyło postrzegania uczelni przez Pani/Pana otoczenie. A z czym Pani/Panu osobiście kojarzy się UPJPII? Proszę wybrać z listy 1-2 zestawy wyrazów i określeń, które Pani/Pana zdaniem najlepiej oddają charakter UPJPII. [Wiedza, badania, rozwój]","10. Poprzednie pytanie dotyczyło postrzegania uczelni przez Pani/Pana otoczenie. A z czym Pani/Panu osobiście kojarzy się UPJPII? Proszę wybrać z listy 1-2 zestawy wyrazów i określeń, które Pani/Pana zdaniem najlepiej oddają charakter UPJPII. [Dziedzictwo, tradycja, wspólnota]","10. Poprzednie pytanie dotyczyło postrzegania uczelni przez Pani/Pana otoczenie. A z czym Pani/Panu osobiście kojarzy się UPJPII? Proszę wybrać z listy 1-2 zestawy wyrazów i określeń, które Pani/Pana zdaniem najlepiej oddają charakter UPJPII. [Otwartość, wolność, człowiek]","10. Poprzednie pytanie dotyczyło postrzegania uczelni przez Pani/Pana otoczenie. A z czym Pani/Panu osobiście kojarzy się UPJPII? Proszę wybrać z listy 1-2 zestawy wyrazów i określeń, które Pani/Pana zdaniem najlepiej oddają charakter UPJPII. [Misja, wychowanie, kształcenie]","10. Poprzednie pytanie dotyczyło postrzegania uczelni przez Pani/Pana otoczenie. A z czym Pani/Panu osobiście kojarzy się UPJPII? Proszę wybrać z listy 1-2 zestawy wyrazów i określeń, które Pani/Pana zdaniem najlepiej oddają charakter UPJPII. [Inne - jakie?]","10. Poprzednie pytanie dotyczyło postrzegania uczelni przez Pani/Pana otoczenie. A z czym Pani/Panu osobiście kojarzy się UPJPII? Proszę wybrać z listy 1-2 zestawy wyrazów i określeń, które Pani/Pana zdaniem najlepiej oddają charakter UPJPII. [Inne - jakie?] [Wpisz...]","11. Proszę wymienić, w kolejności od najważniejszej, 1-3 cechy UPJPII, które Pani/Pana zdaniem najbardziej odróżniają go od innych uczelni w Polsce [1]","11. Proszę wymienić, w kolejności od najważniejszej, 1-3 cechy UPJPII, które Pani/Pana zdaniem najbardziej odróżniają go od innych uczelni w Polsce [2]","11. Proszę wymienić, w kolejności od najważniejszej, 1-3 cechy UPJPII, które Pani/Pana zdaniem najbardziej odróżniają go od innych uczelni w Polsce [3]","12. Gdyby to Pani miała/ Pan miał zdecydować, czym UPJPII powinien się wyróżniać na tle innych uczelni, jak ułożyłaby Pani/ ułożyłby Pan priorytety? Proszę uszeregować poniższe elementy (1 oznacza najważniejszy, a 5 najmniej ważny) [Dydaktyka doceniana przez studentów i pracodawców]","12. Gdyby to Pani miała/ Pan miał zdecydować, czym UPJPII powinien się wyróżniać na tle innych uczelni, jak ułożyłaby Pani/ ułożyłby Pan priorytety? Proszę uszeregować poniższe elementy (1 oznacza najważniejszy, a 5 najmniej ważny) [Wychowanie studentów zgodnie z katolickimi wartościami uczelni]","12. Gdyby to Pani miała/ Pan miał zdecydować, czym UPJPII powinien się wyróżniać na tle innych uczelni, jak ułożyłaby Pani/ ułożyłby Pan priorytety? Proszę uszeregować poniższe elementy (1 oznacza najważniejszy, a 5 najmniej ważny) [Wysoki poziom prowadzenia badań]","12. Gdyby to Pani miała/ Pan miał zdecydować, czym UPJPII powinien się wyróżniać na tle innych uczelni, jak ułożyłaby Pani/ ułożyłby Pan priorytety? Proszę uszeregować poniższe elementy (1 oznacza najważniejszy, a 5 najmniej ważny) [Rozpoznawalność międzynarodowa]","12. Gdyby to Pani miała/ Pan miał zdecydować, czym UPJPII powinien się wyróżniać na tle innych uczelni, jak ułożyłaby Pani/ ułożyłby Pan priorytety? Proszę uszeregować poniższe elementy (1 oznacza najważniejszy, a 5 najmniej ważny) [Sprawność organizacyjna]","14a. Na ile Pani/Pan zgadza się lub nie zgadza się, że: [Moja uczelnia jest zorientowana przede wszystkim na przyszłość]","14a. Na ile Pani/Pan zgadza się lub nie zgadza się, że: [Moja uczelnia stawia przede wszystkim na tradycję]","14a. Na ile Pani/Pan zgadza się lub nie zgadza się, że: [Moja uczelnia stawia przede wszystkim na katolickie wartości]","14a. Na ile Pani/Pan zgadza się lub nie zgadza się, że: [Moja uczelnia stara się nadążać za współczesnymi rozwiązaniami technologicznymi]","14a. Na ile Pani/Pan zgadza się lub nie zgadza się, że: [Moja uczelnia chętnie wprowadza zmiany w swoim funkcjonowaniu]","14b. Na ile Pani/Pan zgadza się lub nie zgadza się, że: [Moja uczelnia zdecydowanie odróżnia się od innych uczelni w województwie]","14b. Na ile Pani/Pan zgadza się lub nie zgadza się, że: [Tym, co odróżnia moją uczelnię od innych uczelni jest to, że jest katolicka]","14b. Na ile Pani/Pan zgadza się lub nie zgadza się, że: [Na tle pozostałych uczelni katolickich w Polsce moja uczelnia wyróżnia się czymś szczególnym]","14b. Na ile Pani/Pan zgadza się lub nie zgadza się, że: [Uważam, że moja uczelnia odróżnia się pod względem oferty od świeckich uczelni w Polsce]","14c. Na ile Pani/Pan zgadza się lub nie zgadza się, że: [Moja uczelnia jest miejscem otwartej dyskusji światopoglądowej]","14c. Na ile Pani/Pan zgadza się lub nie zgadza się, że: [Moja uczelnia jest otwarta na ludzi różnych religii i wyznań]","14c. Na ile Pani/Pan zgadza się lub nie zgadza się, że: [Moja uczelnia dąży do tego, by jej absolwenci byli dobrymi obywatelami Polski]","14c. Na ile Pani/Pan zgadza się lub nie zgadza się, że: [Moja uczelnia dąży do tego, by jej absolwenci myśleli globalnie]","14d. Na ile Pani/Pan zgadza się lub nie zgadza się, że: [Moja uczelnia jest nastawiona przede wszystkim na kształcenie studentów]","14d. Na ile Pani/Pan zgadza się lub nie zgadza się, że: [Moja uczelnia jest nastawiona głównie na prowadzenie badań naukowych]","14d. Na ile Pani/Pan zgadza się lub nie zgadza się, że: [Moja uczelnia koncentruje się zwłaszcza na wychowaniu studentów w duchu katolickim]","14d. Na ile Pani/Pan zgadza się lub nie zgadza się, że: [Lokalizacja mojej uczelni (miasto, region) ma duży wpływ na jej funkcjonowanie]","14e. Na ile Pani/Pan zgadza się lub nie zgadza się, że: [Uważam, że moja uczelnia jest innowacyjna]","14e. Na ile Pani/Pan zgadza się lub nie zgadza się, że: [Moja uczelnia stara się przede wszystkim jak najlepiej wykonywać swoje zadania i obowiązki]","14e. Na ile Pani/Pan zgadza się lub nie zgadza się, że: [Moja uczelnia wzoruje się na tym, co robią inne uczelnie]","14e. Na ile Pani/Pan zgadza się lub nie zgadza się, że: [Moja uczelnia stara się wprowadzać nowe elementy do tradycji religijnej]","14f. Na ile Pani/Pan zgadza się lub nie zgadza się, że: [Moja uczelnia często odwołuje się do swojej historii]","14f. Na ile Pani/Pan zgadza się lub nie zgadza się, że: [Moja uczelnia przy każdej okazji podkreśla swój związek z dziedzictwem religijnym]","14f. Na ile Pani/Pan zgadza się lub nie zgadza się, że: [Moja uczelnia podtrzymuje pamięć o bohaterach narodowych]","14f. Na ile Pani/Pan zgadza się lub nie zgadza się, że: [Na mojej uczelni uroczyście obchodzi się święta państwowe]","14f. Na ile Pani/Pan zgadza się lub nie zgadza się, że: [Na mojej uczelni uroczyście obchodzi się święta religijne]","14g. To już ostatni taki zestaw pytań. Na ile Pani/Pan zgadza się lub nie zgadza się, że: [Mam poczucie, że celem mojej uczelni jest awans w rankingach szkół wyższych]","14g. To już ostatni taki zestaw pytań. Na ile Pani/Pan zgadza się lub nie zgadza się, że: [Moja uczelnia dąży przede wszystkim do bycia równym partnerem dla uczelni zagranicznych]","14g. To już ostatni taki zestaw pytań. Na ile Pani/Pan zgadza się lub nie zgadza się, że: [Moja uczelnia dąży do tego, by być najlepszą uczelnią katolicką w Polsce]","14g. To już ostatni taki zestaw pytań. Na ile Pani/Pan zgadza się lub nie zgadza się, że: [Współpraca z innymi uczelniami katolickimi na świecie jest ważna dla mojej uczelni]",Płeć,Rok urodzenia,Wykształcenie,Najwyższy posiadany tytuł zawodowy / tytuł / stopień naukowy,Z którym z poniższych określeń najbardziej się Pani/Pan utożsamia: [Katolik],Z którym z poniższych określeń najbardziej się Pani/Pan utożsamia: [Chrześcijanin],Z którym z poniższych określeń najbardziej się Pani/Pan utożsamia: [Osoba wierząca],Z którym z poniższych określeń najbardziej się Pani/Pan utożsamia: [Osoba niewierząca],Z którym z poniższych określeń najbardziej się Pani/Pan utożsamia: [Osoba poszukująca],Z którym z poniższych określeń najbardziej się Pani/Pan utożsamia: [Ateista],Z którym z poniższych określeń najbardziej się Pani/Pan utożsamia: [Inne (jakie?)],Z którym z poniższych określeń najbardziej się Pani/Pan utożsamia: [Inne (jakie?)] [Wpisz...],Z którym z poniższych określeń najbardziej się Pani/Pan utożsamia: [Wolę nie odpowiadać],"Jeżeli chce Pani/Pan podzielić się jeszcze jakimiś uwagami na temat tego, jaka jest Pani/Pana uczelnia, proszę je wpisać poniżej.",Urządzenie,Parametr zewnętrzny,Tagi,Strona odsyłająca,Czas wypełniania strony nr1,Czas wypełniania strony nr2,Czas wypełniania strony nr3,Czas wypełniania strony nr4,Czas wypełniania strony nr5,Czas wypełniania strony nr6,Czas wypełniania strony nr7,Czas wypełniania strony nr8,Czas wypełniania strony nr9,Czas wypełniania strony nr10,Czas wypełniania strony nr11,Czas wypełniania strony nr12,Czas wypełniania strony nr13,Czas wypełniania strony nr14,Czas wypełniania strony nr15,Czas wypełniania strony nr16,Czas wypełniania strony nr17,Czas wypełniania strony nr18,Czas wypełniania strony nr19,Czas wypełniania strony nr20,Czas wypełniania strony nr21,Czas wypełniania strony nr22,Czas wypełniania strony nr23,Czas wypełniania strony nr24,Czas wypełniania strony nr25,Czas wypełniania strony nr26,Czas wypełniania strony nr27,Czas wypełniania strony nr28,Czas wypełniania strony nr29
1,398227010,2024-01-15 14:45:40,2024-01-15 15:02:49,00:17:09,00:17:09,Wydział,Wydział Historii i Dziedzictwa Kulturowego,Stanowisko badawczo-dydaktyczne,,Tak,0,0,0,,0,0,0,1,0,0,0,,0,0,0,0,0,0,0,0,,0,0,0,0,,0,0,,0,0,,Nie,,0,0,0,0,1,0,0,0,,7. Wysoka satysfakcja,,6,6,7,7,6,6,7,7,6,7,7,7,,,,,,,,,,,,,0,0,0,0,0,0,0,0,1,0,1,1,0,1,1,0,1,0,0,0,0,1,0,,Wartości chrześcijańskie,Wysoki poziom kształcenia,Dobre relacje w społeczności akademickiej,4,1,2,3,5,7,6,7,7,6,6,7,5,6,7,6,7,7,7,7,6,6,7,7,6,6,7,7,7,7,7,7,7,6,7,Mężczyzna,1980,Wyższe,Doktor,1,0,0,0,0,0,0,,0,,Mobile,,,https://www.webankieta.pl/ankieta/1093835/r/1/badanie-osob-pracujacych-na-upjpii.html?tracker365369615&,00:00:14,00:00:17,00:00:09,00:00:20,,00:00:27,,,,,00:00:26,,00:00:39,,00:01:37,,00:01:29,00:00:33,00:02:06,00:01:07,00:00:10,00:02:03,00:01:12,00:02:14,00:01:10,00:00:23,00:00:20,00:00:11,00:00:07
2,398234252,2024-01-15 15:52:27,2024-01-15 16:07:53,00:15:26,00:15:26,Jednostka ogólnouczelniana,,Stanowisko administracyjne,,Nie,0,0,0,,0,0,0,0,0,0,0,,0,0,0,0,0,0,0,0,,0,0,0,0,,0,0,,0,0,,Nie,,0,0,0,1,0,1,0,0,,4,Szacunek dla pracownika. Docenianie i wyższe zarobki.,,,,,,,,,,,,,5,4,5,1,4,2,3,2,4,3,5,3,1,0,0,0,0,0,1,0,1,1,0,0,0,1,0,0,1,0,0,1,0,0,0,,Katolicka,otwarta,,,,,,,Trudno powiedzieć,4,6,5,3,5,7,Trudno powiedzieć,2,6,5,6,Trudno powiedzieć,5,4,4,6,3,6,6,4,6,6,4,Trudno powiedzieć,6,6,Trudno powiedzieć,6,6,Kobieta,1979,Wyższe,Magister,0,0,0,1,0,0,0,,0,,PC,,,https://www.webankieta.pl/ankieta/1093835/r/1/badanie-osob-pracujacych-na-upjpii.html?tracker365370329&,00:01:39,00:00:05,,00:00:11,,,,,,,00:00:05,,00:00:42,00:00:37,,00:01:47,00:01:01,00:01:29,00:00:39,,00:00:21,00:01:19,00:00:54,00:03:50,00:00:25,00:00:08,00:00:05,00:00:05,00:00:04
3,398244674,2024-01-15 17:45:00,2024-01-15 17:58:01,00:13:01,00:13:01,Wydział,Wydział Historii i Dziedzictwa Kulturowego,Stanowisko dydaktyczne,,Tak,0,0,0,,1,0,0,0,0,0,0,,0,0,0,0,0,0,0,0,,0,0,0,0,,0,0,,0,0,,Nie,,0,0,0,1,1,1,1,0,,2,"Podejście kadry zarządczej do młodszych pracowników nauki
Bardziej efektywne zarządzanie czasem pracowników
Sposób zarządzania finansami uczelni",2,2,2,1,1,7,2,7,7,7,1,7,,,,,,,,,,,,,0,0,1,0,0,0,1,1,1,1,0,0,0,0,0,0,0,1,0,0,0,1,0,,Podejście indywidualne do każdej osoby,"Wzajemny szacunek pomiędzy pracownikami, studentami i studentami a pracownikami",Możliwość korzystania z programów wymiany międzynarodowej,4,5,1,2,3,2,7,4,2,4,7,5,6,6,7,7,7,7,7,3,2,7,4,7,4,5,7,7,7,7,7,7,6,5,6,Mężczyzna,1988,Wyższe,Doktor,0,1,0,0,0,0,0,,0,,PC,,,https://www.webankieta.pl/ankieta/1093835/r/1/badanie-osob-pracujacych-na-upjpii.html?tracker365369606&,00:00:09,00:00:05,00:00:03,00:00:13,,00:00:04,,,,,00:00:14,,00:03:38,00:02:21,00:00:41,,00:00:33,00:00:14,00:01:34,00:00:24,00:00:04,00:00:42,00:00:34,00:00:34,00:00:18,00:00:20,00:00:09,00:00:05,00:00:02
4,398245976,2024-01-15 17:51:25,2024-01-15 18:10:48,00:19:23,00:19:23,Wydział,Wydział Teologiczny,Stanowisko badawczo-dydaktyczne,,Tak,0,0,0,,0,0,0,0,0,0,0,,0,0,0,0,0,0,0,0,,0,0,1,0,,0,0,,0,0,,Nie,,1,0,0,0,0,1,1,0,,6,,3,5,5,4,4,6,3,7,7,6,7,6,,,,,,,,,,,,,1,0,0,0,0,0,1,0,1,0,0,0,1,1,0,0,0,0,0,1,0,1,0,,kameralności i swoboda,wolność badań,praktyczny wymiar studiów,3,1,2,5,4,Trudno powiedzieć,4,7,7,6,5,6,6,5,7,4,7,7,6,5,6,6,5,7,5,4,6,6,6,4,5,5,5,6,6,Mężczyzna,1965,Wyższe,Doktor habilitowany,1,1,1,0,0,0,0,,0,,PC,,,https://www.webankieta.pl/ankieta/1093835/r/1/badanie-osob-pracujacych-na-upjpii.html?tracker365369816&,00:00:17,00:00:38,00:00:06,00:00:15,,,,00:00:31,,,00:00:07,,00:00:51,,00:02:01,,00:01:08,00:00:36,00:05:09,00:01:44,00:00:42,00:01:21,00:00:58,00:01:15,00:00:32,00:00:23,00:00:20,00:00:24,00:00:05
5,398254121,2024-01-15 14:23:43,2024-01-15 19:59:45,05:36:02,05:36:02,Wydział,Wydział Nauk Społecznych,Stanowisko badawczo-dydaktyczne,,Tak,0,0,0,,0,0,0,0,0,0,0,,0,0,0,1,1,0,0,0,,0,0,0,0,,0,0,,0,0,,Tak,Uniwersytet Śląski,0,0,0,0,0,1,0,0,,7. Wysoka satysfakcja,,5,5,7,5,7,7,3,5,7,7,7,5,,,,,,,,,,,,,0,0,0,0,0,0,0,1,1,0,0,0,0,0,0,0,0,0,0,0,1,1,0,,"otwartość na człowieka, jego podmiotowość",szacunek do wartości,umacnianie etosu wiedzy,5,1,3,4,2,Trudno powiedzieć,7,7,7,5,Trudno powiedzieć,7,Trudno powiedzieć,Trudno powiedzieć,5,5,7,7,6,5,4,7,5,5,5,5,7,7,7,7,7,Trudno powiedzieć,7,Trudno powiedzieć,7,Kobieta,1985,Wyższe,Doktor,0,0,1,0,0,0,0,,0,,PC,,,https://www.webankieta.pl/ankieta/1093835/r/1/badanie-osob-pracujacych-na-upjpii.html?tracker365369483&,00:00:13,00:00:12,00:00:17,00:00:17,,,00:00:19,,,,00:00:08,00:07:04,00:00:48,,00:01:06,,00:00:46,00:00:18,00:03:43,00:02:04,00:00:19,00:01:03,05:12:36,00:00:55,00:00:28,00:00:18,00:00:08,00:00:48,00:02:12
6,398261036,2024-01-15 21:40:45,2024-01-15 21:58:22,00:17:37,00:17:37,Wydział,Wydział Teologiczny,Stanowisko administracyjne,,Nie,0,0,0,,0,0,0,0,0,0,0,,0,0,0,0,0,0,0,0,,0,0,1,0,,0,0,,0,0,,Nie,,0,0,0,0,0,0,0,1,Był poszukiwany nowy  pracownik,5,organizacja pracy,,,,,,,,,,,,,5,4,5,3,7,7,6,7,7,6,7,7,0,0,0,1,0,0,1,0,1,0,0,0,1,1,0,0,1,0,0,0,0,0,0,,Tradycja,Rodzinna atmosfera,nowoczesnośc,,,,,,5,5,7,6,4,6,6,5,7,7,7,7,7,7,Trudno powiedzieć,Trudno powiedzieć,7,6,7,7,7,7,7,7,7,7,Trudno powiedzieć,Trudno powiedzieć,Trudno powiedzieć,7,Mężczyzna,1979,Wyższe,Doktor,1,0,0,0,0,0,0,,0,,PC,,,https://www.webankieta.pl/ankieta/1093835/r/1/badanie-osob-pracujacych-na-upjpii.html?tracker365369549&,00:00:07,00:00:06,00:00:03,00:04:42,,,,,,,00:04:22,,00:02:29,00:02:00,,00:02:11,00:01:00,00:00:22,00:00:47,,00:00:14,00:01:10,00:00:46,00:00:35,00:00:23,00:00:10,00:00:04,00:00:14,00:00:06
7,398409806,2024-01-16 08:25:34,2024-01-16 08:42:19,00:16:45,00:16:45,Wydział,Wydział Nauk Społecznych,Stanowisko administracyjne,,Nie,0,0,0,,0,0,0,0,0,0,0,,0,0,0,0,0,0,0,0,,0,0,0,0,,0,0,,0,0,,Nie,,0,0,0,1,0,0,0,0,,1. Niska satysfakcja,"Przede wszystkim szacunek do pracownika, którego w ogóle tutaj nie ma. Pracownicy naukowi wyręczają się pracownikami z administracji. Nakładanie na jednego pracownika obowiązków kilku osób i to bez zwiększenia wynagrodzenia. Wynagrodzenie tutaj zależy od znajomości a nie od umiejętności i dobrze wykonywanych obowiązków.",,,,,,,,,,,,,3,1,1,1,1,1,1,1,2,2,1,1,1,0,0,0,0,0,0,0,1,0,0,0,0,0,0,0,0,0,0,0,0,0,1,Kościelna,Kameralna uczelnia,Znajomość ze wszystkimi pracownikami,,,,,,,1,3,2,1,1,1,4,1,1,1,1,1,1,1,1,2,5,1,2,Trudno powiedzieć,1,Trudno powiedzieć,3,1,3,4,Trudno powiedzieć,1,1,Trudno powiedzieć,Kobieta,1995,Wyższe,Magister,0,0,0,0,1,0,0,,0,"Uważam, że ta Uczelnia jako miejsce pracy wypada bardzo kiepsko. Tylko szkoda, że większość pracowników nie chce powiedzieć tego głośno.",PC,,,https://www.webankieta.pl/ankieta/1093835/r/1/badanie-osob-pracujacych-na-upjpii.html?tracker365370272&,00:00:14,00:00:15,00:00:04,00:00:10,,,,,,,00:00:04,,00:00:46,00:05:27,,00:01:21,00:00:48,00:00:51,00:01:13,,00:00:03,00:01:08,00:00:45,00:01:10,00:00:29,00:00:19,00:00:09,00:00:27,00:01:02
8,398414552,2024-01-16 09:17:17,2024-01-16 09:47:21,00:30:04,00:30:04,Jednostka ogólnouczelniana,,Stanowisko administracyjne,,Nie,0,0,0,,0,0,0,0,0,0,0,,0,0,0,0,0,0,0,0,,0,0,0,0,,0,0,,0,0,,Nie,,0,0,0,0,0,0,0,1,"wewnętrzny rozwój, zmiana branży",7. Wysoka satysfakcja,,,,,,,,,,,,,,7,6,6,4,6,7,1,4,7,6,7,5,1,0,0,0,0,0,1,0,1,1,0,0,0,1,0,0,0,0,0,0,1,1,0,,kameralność,tolerancja inności,dbałość o studenta,,,,,,4,4,4,4,4,4,4,5,4,5,5,4,5,5,4,4,6,4,4,5,4,5,4,4,3,4,4,5,4,4,Kobieta,1971,Wyższe,Magister,1,1,0,0,0,0,0,,0,,PC,,,https://www.webankieta.pl/ankieta/1093835/r/1/badanie-osob-pracujacych-na-upjpii.html?tracker365370308&,00:00:50,00:01:08,,00:00:15,,,,,,,00:00:46,,00:01:29,,,00:07:16,00:00:44,00:00:34,00:01:21,,00:00:24,00:01:17,00:11:57,00:00:59,00:00:29,00:00:12,00:00:07,00:00:15,00:00:06
9,398417969,2024-01-16 09:59:36,2024-01-16 10:20:39,00:21:03,00:21:03,Wydział,Wydział Teologiczny Sekcja w Tarnowie,Stanowisko administracyjne,,Tak,0,0,0,,0,0,0,0,0,0,0,,0,0,0,0,0,0,0,0,,0,0,0,0,,0,0,,1,0,,Nie,,0,0,0,0,0,0,0,1,Skierowanie Biskupa,6,,,,,,,,,,,,,,6,7,7,6,5,7,6,6,6,5,6,6,1,0,0,0,0,0,1,0,1,1,0,0,1,0,0,0,1,0,0,0,0,1,0,,papieska,dużo księży z tytułem profesora,mniej znana od KUL,,,,,,4,3,5,7,7,2,4,5,6,Trudno powiedzieć,7,7,5,5,Trudno powiedzieć,5,7,4,7,Trudno powiedzieć,Trudno powiedzieć,6,3,3,3,7,7,7,5,4,Mężczyzna,1982,Wyższe,Doktor,1,0,0,0,0,0,0,,0,Kampus w jednym miejscu na ul. Bobrzyńskiego usprawni naszą pracę,PC,,,https://www.webankieta.pl/ankieta/1093835/r/1/badanie-osob-pracujacych-na-upjpii.html?tracker365369735&,00:07:10,00:00:07,00:00:04,00:00:07,,,,,,00:00:04,00:00:06,,00:00:34,,,00:01:16,00:00:36,00:00:24,00:01:05,,00:00:15,00:01:18,00:00:45,00:03:02,00:00:30,00:00:08,00:00:04,00:00:15,00:03:13
10,398472437,2024-01-16 13:51:42,2024-01-16 20:36:35,06:44:53,06:44:53,Wydział,Wydział Historii i Dziedzictwa Kulturowego,Stanowisko badawczo-dydaktyczne,,Tak,0,0,0,,0,0,1,0,1,0,0,,0,0,0,0,0,0,0,0,,0,0,0,0,,0,0,,0,0,,Tak,Uniwersytet Jagielloński,1,1,1,0,1,0,1,0,,7. Wysoka satysfakcja,,7,7,7,7,7,7,6,7,6,7,4,7,,,,,,,,,,,,,0,0,0,0,1,0,1,0,1,1,0,1,0,0,0,0,0,0,0,1,1,0,0,,Swoboda doboru tematyki badawczej,Brak indoktrynacji,Szacunek środowiska dla badań i docenianie ich merytorycznje strony,4,5,1,2,3,7,7,6,7,7,7,4,5,7,7,7,7,7,5,6,4,6,7,7,4,1,7,7,7,7,7,5,7,6,7,Wolę nie podawać,1525,Wyższe,Doktor habilitowany,0,1,0,0,1,0,0,,0,,PC,,,https://www.webankieta.pl/ankieta/1093835/r/1/badanie-osob-pracujacych-na-upjpii.html?tracker365369747&,00:00:12,00:00:09,00:00:04,00:00:09,,06:33:28,,,,,00:00:06,00:00:24,00:00:44,,00:01:11,,00:00:46,00:00:24,00:01:28,00:00:55,00:00:25,00:01:04,00:00:46,00:00:50,00:00:37,00:00:43,00:00:05,00:00:17,00:00:06
11,398693714,2024-01-17 13:48:28,2024-01-17 14:04:05,00:15:37,00:15:37,Wydział,Wydział Nauk Społecznych,Stanowisko badawczo-dydaktyczne,,Tak,0,0,0,,0,0,0,0,0,0,0,,1,1,0,0,0,0,0,0,,0,0,0,0,,0,0,,0,0,,Tak,"Uniwersytet Jagielloński, Uniwersytet Papieski UPJP2",0,0,0,1,1,0,0,0,,7. Wysoka satysfakcja,,6,4,7,6,7,7,6,7,7,Trudno powiedzieć,Trudno powiedzieć,Trudno powiedzieć,,,,,,,,,,,,,0,0,0,0,1,0,0,0,1,0,0,0,1,0,0,0,0,0,0,0,1,1,0,,Kontakt ze studentami,dobra atmosfera pracy,,3,1,2,4,5,6,Trudno powiedzieć,6,6,6,Trudno powiedzieć,7,7,6,6,Trudno powiedzieć,Trudno powiedzieć,Trudno powiedzieć,7,Trudno powiedzieć,5,6,7,7,Trudno powiedzieć,Trudno powiedzieć,6,7,Trudno powiedzieć,Trudno powiedzieć,Trudno powiedzieć,Trudno powiedzieć,Trudno powiedzieć,Trudno powiedzieć,7,Mężczyzna,1963,Wyższe,Doktor,1,1,1,0,0,0,0,,0,"jest nastawiona na łączenie praktyki z teoria, i to dobrze.",PC,,,https://www.webankieta.pl/ankieta/1093835/r/1/badanie-osob-pracujacych-na-upjpii.html?tracker365369540&,00:00:12,00:00:31,00:00:06,00:00:09,,,00:00:10,,,,00:00:05,00:00:24,00:00:34,,00:03:45,,00:00:29,00:00:16,00:00:26,00:00:16,00:00:11,00:04:36,00:01:05,00:00:49,00:00:26,00:00:15,00:00:06,00:00:18,00:00:28
12,398706221,2024-01-17 15:36:29,2024-01-17 15:46:27,00:09:58,00:09:58,Wydział,Wydział Historii i Dziedzictwa Kulturowego,Stanowisko dydaktyczne,,Tak,0,0,0,,0,0,0,0,0,1,0,,0,0,0,0,0,0,0,0,,0,0,0,0,,0,0,,0,0,,Tak,Krakowska Akademia im. A. Frycza-Modrzewskiego w Krakowie,0,0,0,0,1,0,0,0,,3,"Ulec zmianie powinno przede wszystkim podejście do pracowników, w tym konieczność prowadzenia zajęć z przedmiotów, w których nie ma się ani specjalistycznej wiedzy, ani doświadczenia. Poza tym, obecnie uczelnia proponuje bardzo kiepskie wynagrodzenia, chyba najsłabsze ze znanych mi w sektorze.",6,Nie jest to dla mnie istotne,4,1,2,1,1,3,2,Nie jest to dla mnie istotne,Nie jest to dla mnie istotne,Nie jest to dla mnie istotne,,,,,,,,,,,,,1,0,0,0,0,0,0,0,1,1,0,0,0,0,0,0,1,0,0,0,0,0,0,,uczelnia katolicka,uczelnia przyjmująca wszystkich,uczelnia kameralna,1,5,3,4,2,3,7,7,3,1,Trudno powiedzieć,7,2,7,1,Trudno powiedzieć,Trudno powiedzieć,Trudno powiedzieć,3,Trudno powiedzieć,5,4,2,1,Trudno powiedzieć,Trudno powiedzieć,7,7,7,Trudno powiedzieć,6,2,2,Trudno powiedzieć,7,Kobieta,1900,Wyższe,Doktor,0,0,1,0,0,0,0,,0,,PC,,,https://www.webankieta.pl/ankieta/1093835/r/1/badanie-osob-pracujacych-na-upjpii.html?tracker365369621&,00:00:09,00:00:06,00:00:04,00:00:07,,00:00:05,,,,,00:00:04,00:00:19,00:00:16,00:02:04,00:01:06,,00:00:30,00:00:10,00:00:58,00:00:38,00:00:08,00:00:48,00:00:43,00:00:32,00:00:16,00:00:25,00:00:09,00:00:18,00:00:03
13,399142925,2024-01-19 14:37:29,2024-01-19 16:27:31,01:50:02,01:50:01,Wydział,Wydział Nauk Społecznych,Stanowisko badawczo-dydaktyczne,,Tak,0,0,0,,0,0,0,0,0,0,0,,1,1,0,0,0,0,0,0,,0,0,0,0,,0,0,,0,0,,Nie,,0,0,0,1,0,0,1,0,,5,"Poprawa komunikacji wewnątrz Wydziału i na uczelni.
Poprawa organizacji i logistyki, szczególnie w zakresie korzystania z uczelnianego sprzętu, pracowni i laboratoriów.
Poprawa organizacji planów badawczych oraz działalności katedr.
Podwyższenie zarobków.",4,3,5,3,5,6,2,4,5,4,5,6,,,,,,,,,,,,,0,0,1,0,0,1,1,0,1,0,0,0,0,0,0,0,0,0,0,1,1,0,0,,Tradycja katolicka,"Otwartość, personalizm",Wspólnotowość,1,2,5,3,4,4,4,5,5,3,5,4,4,4,4,5,5,4,5,4,5,4,4,5,4,3,5,6,5,3,7,4,4,5,6,Kobieta,1965,Wyższe,Magister,0,0,1,0,0,0,0,,0,Jest przede wszystkim uczelnią przyjazną studentom oraz pracownikom. Wspólnotowość oraz zachowania etyczne są istotnymi wartościami w kontaktach międzyludzkich na uczelni.,PC,,,https://www.webankieta.pl/ankieta/1093835/r/1/badanie-osob-pracujacych-na-upjpii.html?tracker365369480&,01:11:32,00:00:21,00:00:18,00:00:15,,,00:00:16,,,,00:00:15,,00:01:06,00:07:18,00:01:37,,00:01:50,00:01:42,00:05:17,00:01:04,00:00:26,00:03:28,00:01:58,00:02:14,00:01:38,00:00:38,00:00:20,00:00:56,00:05:32
14,399737390,2024-01-23 09:50:46,2024-01-23 09:57:00,00:06:14,00:06:14,Jednostka ogólnouczelniana,,Stanowisko administracyjne,,Nie,0,0,0,,0,0,0,0,0,0,0,,0,0,0,0,0,0,0,0,,0,0,0,0,,0,0,,0,0,,Nie,,0,0,1,1,1,1,0,0,,7. Wysoka satysfakcja,,,,,,,,,,,,,,5,6,5,4,4,6,6,4,7,7,7,7,1,0,0,0,0,0,1,0,1,1,0,0,0,1,0,0,1,0,0,1,0,0,0,,katolicka,kameralna,otwarta,,,,,,5,7,7,6,Trudno powiedzieć,7,7,6,6,6,6,6,6,6,5,6,7,Trudno powiedzieć,5,Trudno powiedzieć,Trudno powiedzieć,7,5,7,7,7,Trudno powiedzieć,Trudno powiedzieć,Trudno powiedzieć,7,Kobieta,1997,Wyższe,Magister,1,0,1,0,0,0,0,,0,,PC,,,https://www.webankieta.pl/ankieta/1093835/r/1/badanie-osob-pracujacych-na-upjpii.html?tracker365370275&,00:00:18,00:00:03,,00:00:05,,,,,,,00:00:04,,00:00:26,,,00:00:56,00:00:29,00:00:16,00:00:38,,00:00:07,00:00:40,00:00:31,00:00:30,00:00:27,00:00:13,00:00:14,00:00:12,00:00:05
15,399738227,2024-01-23 09:53:03,2024-01-23 10:08:08,00:15:05,00:15:05,Jednostka ogólnouczelniana,,Stanowisko administracyjne,,Nie,0,0,0,,0,0,0,0,0,0,0,,0,0,0,0,0,0,0,0,,0,0,0,0,,0,0,,0,0,,Nie,,0,0,0,0,0,1,0,0,,6,,,,,,,,,,,,,,4,7,6,4,4,4,4,3,5,4,5,5,0,0,0,0,0,0,1,0,1,1,0,0,0,1,0,0,1,0,0,1,0,0,0,,tradycja,otwartość,prestiż,,,,,,5,4,6,6,5,Trudno powiedzieć,5,5,6,5,4,5,Trudno powiedzieć,6,2,6,6,4,5,4,4,6,6,5,5,7,6,5,5,6,Kobieta,1968,Wyższe,Magister,1,0,0,0,0,0,0,,0,,PC,,,https://www.webankieta.pl/ankieta/1093835/r/1/badanie-osob-pracujacych-na-upjpii.html?tracker365370239&,00:00:25,00:00:11,,00:00:15,,,,,,,00:00:06,,00:00:45,,,00:02:10,00:01:07,00:00:44,00:03:30,,00:00:34,00:01:46,00:01:15,00:01:09,00:00:37,00:00:12,00:00:06,00:00:09,00:00:04
16,399738833,2024-01-23 10:08:04,2024-01-23 10:15:36,00:07:32,00:07:32,Wydział,Wydział Filozoficzny,Stanowisko badawczo-dydaktyczne,,Tak,1,0,0,,0,0,0,0,0,0,0,,0,0,0,0,0,0,0,0,,0,0,0,0,,0,0,,0,0,,Nie,,0,0,0,1,1,1,0,0,,7. Wysoka satysfakcja,,4,6,6,3,7,7,4,7,7,7,7,7,,,,,,,,,,,,,1,0,1,0,0,0,0,0,1,1,0,0,0,1,0,0,1,0,0,1,0,0,0,,"relacja ""mistrz - uczeń""",zintegrowane środowisko,życzliwość współpracowników,2,1,4,3,5,5,5,5,5,5,5,6,5,3,7,7,7,7,6,6,6,7,5,6,6,7,7,7,6,6,7,5,6,5,6,Kobieta,1974,Wyższe,Profesor,1,0,0,0,0,0,0,,0,,PC,,,https://www.webankieta.pl/ankieta/1093835/r/1/badanie-osob-pracujacych-na-upjpii.html?tracker365369807&,00:00:12,00:00:04,00:00:03,00:00:06,00:00:02,,,,,,00:00:05,,00:00:20,,00:00:55,,00:00:40,00:00:20,00:00:58,00:01:10,00:00:03,00:00:48,00:00:23,00:00:34,00:00:22,00:00:12,00:00:05,00:00:07,00:00:03
17,399766049,2024-01-23 14:36:18,2024-01-23 14:58:05,00:21:47,00:21:47,Wydział,Wydział Teologiczny,Stanowisko badawczo-dydaktyczne,,Tak,0,0,0,,0,0,0,0,0,0,0,,0,0,0,0,0,0,0,0,,0,0,1,1,Historia Kościoła,0,0,,0,0,,Nie,,0,0,0,1,1,1,0,0,,7. Wysoka satysfakcja,,4,4,7,4,7,7,3,4,4,4,4,4,,,,,,,,,,,,,1,0,0,0,0,0,0,0,1,0,0,1,0,1,0,0,1,0,0,1,0,0,0,,Jedyny w Polsce Uniwersytet Papieski,Uniwersytet kościelny na prawie państwowym,"Uniwersytet kształcący zarówno osoby świeckie, jak i duchowne",3,1,2,5,4,4,4,7,4,4,7,7,7,7,4,1,7,4,5,4,7,7,4,7,4,4,6,7,4,Trudno powiedzieć,7,5,5,5,5,Mężczyzna,1900,Wyższe,Profesor,1,1,1,0,0,0,0,,0,,Mobile,,,https://www.webankieta.pl/ankieta/1093835/r/1/badanie-osob-pracujacych-na-upjpii.html?tracker365369504&,00:00:12,00:00:12,00:00:06,00:00:21,,,,00:00:44,,,00:00:14,,00:00:41,,00:01:38,,00:00:49,00:00:29,00:07:24,00:01:24,00:00:10,00:01:35,00:00:57,00:00:56,00:02:35,00:00:52,00:00:05,00:00:17,00:00:06
18,399780935,2024-01-23 17:21:24,2024-01-23 17:37:40,00:16:16,00:16:16,Wydział,Wydział Filozoficzny,Stanowisko badawczo-dydaktyczne,,Tak,1,1,1,"praca socjalna, teologia",0,0,0,0,0,0,0,,0,0,0,0,0,0,0,0,,0,0,0,0,,0,0,,0,0,,Tak,Uniwersytet Jana Kazimierza w Kielcach,0,0,0,1,1,0,0,0,,6,,6,4,7,1,7,7,1,7,7,7,Nie jest to dla mnie istotne,1,,,,,,,,,,,,,0,0,0,0,0,0,0,0,1,1,0,0,0,1,0,0,0,0,0,1,0,0,0,,kameralność,niskie wynagrodzenia - ale zgodne z ustawą,wśród pracowników przeważają osoby duchowne,1,5,3,4,2,7,7,7,4,5,7,1,7,7,Trudno powiedzieć,Trudno powiedzieć,7,Trudno powiedzieć,7,4,Trudno powiedzieć,7,4,7,7,Trudno powiedzieć,7,7,7,7,7,7,7,7,7,Kobieta,1974,Wyższe,Doktor habilitowany,0,1,0,0,0,0,0,,0,"Wynagrodzenia na uczelni powinny być wyższe. Uczelnia nie dysponuje własnymi budynkami, wynajem jest drogi. Podjęto decyzję o budowie kampusu i środki idą na budowę kampusu. Osoby duchowne mogą sobie pozwolić na niższe zarobki, osoby świeckie często stają przed koniecznością dorabiania do pensji w tym pensji profesora uniwersytetu. Uczelnia stawia bardzo wysokie wymagania pracownikom - po 7 latach od zatrudnienia jako profesor uniwersytetu należy złożyć wniosek o tytuł profesora. Jeśli tytuł profesora nie zostanie przyznany, zmieniana jest forma zatrudnienia i doktor habilitowany zatrudniany jest jako adiunkt z habilitacją. Przy tak wysokich wymaganiach naukowych pracownik powinien otrzymywać większe wsparcie od uczelni. W miejsce tego, osoby zdolne obciążane są systematycznie nowymi zajęciami, które wymagają przygotowania. Problematyczne jest również tworzenie zespołów badawczych - księża niechętnie współpracują ze świeckimi kobietami, zwłaszcza jeśli kobieta jest przełożonym. Dla kobiety naukowczyni stanowi to przeszkodę w rozwoju naukowym. 
Nowością jest fakt, że prorektorem jest obecnie kobieta - była to swoista rewolucja na papieskim uniwersytecie i świadczy o bardzo dużej otwartości obecnego rektora UPJPII.",PC,,,https://www.webankieta.pl/ankieta/1093835/r/1/badanie-osob-pracujacych-na-upjpii.html?tracker365369603&,00:00:55,00:00:05,00:00:04,00:00:09,00:00:16,,,,,,00:00:06,00:00:19,00:00:33,,00:01:03,,00:00:24,00:00:14,00:01:09,00:00:37,00:00:06,00:00:40,00:00:42,00:00:29,00:00:15,00:00:16,00:00:06,00:00:09,00:07:39
19,399953000,2024-01-24 08:07:56,2024-01-24 08:24:21,00:16:25,00:16:25,Wydział,Wydział Historii i Dziedzictwa Kulturowego,Stanowisko badawczo-dydaktyczne,,Tak,0,0,0,,1,0,0,0,0,0,0,,0,0,0,0,0,0,0,0,,0,0,0,0,,0,0,,0,0,,Nie,,0,0,0,1,1,1,0,0,,4,Jest to pytanie tendencyjne,7,5,7,6,6,2,6,7,7,7,7,Nie jest to dla mnie istotne,,,,,,,,,,,,,1,0,0,1,0,0,0,1,0,1,0,0,0,1,0,0,0,0,0,0,0,0,1,"Uważam, że jest to pytanie tendencyjne, źle sformułowane, nie dające możliwości łączenia odpowiedzi i ograniczające się tylko do 2 wyborów spośród zaproponowanych. Traktuję je jako manipulację",Profil katolicki,Kameralny charakter,Otwartość na innych,4,1,3,2,5,Trudno powiedzieć,7,6,7,7,7,7,7,7,7,7,7,7,4,4,5,7,7,7,Trudno powiedzieć,Trudno powiedzieć,7,7,7,Trudno powiedzieć,7,7,7,7,7,Wolę nie podawać,2000,Wyższe,Doktor habilitowany,1,0,0,0,0,0,0,,0,"Chcę się podzielić przede wszystkim uwagą, że ankieta jest źle sformułowana. Skoro ma być anonimowa to dlaczego wymagane jest podanie roku urodzenia, płeć, kierunek? Kontrowersje budzi rok urodzenia. Jest RODO i skoro ma być anonimowa ankieta to podanie roku urodzenia pozwoli namierzyć pracownika. Z doświadczenia wiem, że gdy w ankietach wymagane jest podanie roku urodzenia ankietowani podają fikcyjne daty. Niektóre pytania są tendencyjne, nieprzemyślane, sugerujące odpowiedzi. Brakuje pytań istotnych, ważnych.",PC,,,https://www.webankieta.pl/ankieta/1093835/r/1/badanie-osob-pracujacych-na-upjpii.html,00:00:08,00:00:10,00:00:07,00:00:09,,00:00:09,,,,,00:00:05,,00:00:44,00:00:15,00:02:14,,00:00:30,00:01:29,00:00:40,00:00:37,00:00:07,00:01:01,00:00:40,00:00:42,00:00:22,00:02:24,00:00:05,00:00:07,00:03:40
20,400262414,2024-01-25 16:59:18,2024-01-25 17:36:18,00:37:00,00:37:00,Wydział,Wydział Teologiczny,Stanowisko badawcze,,Nie,0,0,0,,0,0,0,0,0,0,0,,0,0,0,0,0,0,0,0,,0,0,0,0,,0,0,,0,0,,Nie,,0,0,0,0,0,1,0,0,,7. Wysoka satysfakcja,,4,5,7,4,7,7,4,5,5,7,6,5,,,,,,,,,,,,,1,0,0,0,0,0,1,1,0,1,0,0,0,0,0,0,0,0,0,1,1,0,0,,dobre relacje między pracownikami,duży poziom indywidualizacji w podejściu do studentów,brak wyścigu szczurów i związane z tym poczucie bezpieczeństwa,2,3,1,4,5,5,4,5,4,3,Trudno powiedzieć,Trudno powiedzieć,6,5,5,7,Trudno powiedzieć,4,5,3,2,6,3,6,6,Trudno powiedzieć,6,5,2,2,5,6,Trudno powiedzieć,6,Trudno powiedzieć,Mężczyzna,1970,Wyższe,Doktor habilitowany,1,0,1,0,0,0,0,,0,Dobre relacje między pracownikami i pracowników ze studentami dzięki małym grupom na zajęciach pozwalają na dużą dozę w indywidualnym i personalnym traktowaniu. Spora część studentów może dzięki temu podejmować równocześnie inne kierunki studiów. To wszystko znacząco sprzyja studentom pracowitym i zdolnym.,PC,,,https://www.webankieta.pl/ankieta/1093835/r/1/badanie-osob-pracujacych-na-upjpii.html?tracker365369690&,00:00:20,00:00:08,00:00:06,00:00:24,,,,,,,00:00:06,,00:00:31,,00:06:19,,00:01:53,00:01:40,00:05:31,00:02:28,00:00:17,00:08:26,00:02:04,00:01:32,00:00:54,00:00:59,00:00:05,00:00:21,00:02:56
21,400452062,2024-01-26 12:26:56,2024-01-26 12:37:59,00:11:03,00:11:03,Jednostka ogólnouczelniana,,Stanowisko administracyjne,,Nie,0,0,0,,0,0,0,0,0,0,0,,0,0,0,0,0,0,0,0,,0,0,0,0,,0,0,,0,0,,Nie,,0,0,0,0,0,1,0,0,,4,Zarobki i szacunek do ludzi na każdym szczeblu,,,,,,,,,,,,,4,4,4,2,2,2,5,2,2,3,2,2,1,0,0,0,0,0,0,0,0,0,0,0,0,0,0,0,1,0,0,0,0,0,0,,katolicka,kameralna,,,,,,,4,3,4,3,3,3,5,4,3,3,3,3,2,4,2,3,3,3,2,2,2,3,3,2,3,6,3,2,3,2,Wolę nie podawać,1968,Wyższe,Licencjat kościelny,0,0,1,0,0,0,0,,0,,PC,,,,00:00:56,00:00:17,,00:00:24,,,,,,,00:00:06,,00:00:38,00:00:31,,00:01:26,00:00:58,00:00:28,00:00:24,,00:00:32,00:01:13,00:00:44,00:00:46,00:00:55,00:00:13,00:00:12,00:00:12,00:00:08
22,400468628,2024-01-26 12:37:45,2024-01-26 12:50:17,00:12:32,00:12:32,Jednostka ogólnouczelniana,,Stanowisko administracyjne,,Tak,0,0,0,,0,0,0,0,0,0,0,,0,0,0,0,0,0,0,0,,0,0,0,0,,0,0,,0,0,,Tak,UJ,0,0,0,1,0,0,0,0,,4,"organizacja , komunikacja, wynagrodzenie",,,,,,,,,,,,,2,3,2,2,2,1,3,2,5,3,6,3,1,0,0,0,0,0,0,0,1,1,0,0,0,0,0,0,1,0,0,0,0,0,0,,katolicka,kameralna,niszowa,,,,,,3,4,6,2,3,6,7,6,6,4,3,4,4,4,2,6,5,2,3,5,5,5,7,6,5,7,5,3,5,3,Kobieta,1974,Wyższe,Magister,0,0,1,0,0,0,0,,0,uczelnia z potencjałem dobrych ludzi,PC,,,,00:00:29,00:00:12,,00:00:26,,,,,,,00:00:06,00:00:22,00:00:57,00:00:32,,00:01:32,00:00:51,00:00:27,00:00:33,,00:00:40,00:01:08,00:01:00,00:00:48,00:00:39,00:00:48,00:00:13,00:00:08,00:00:41
23,400472459,2024-01-26 13:18:30,2024-01-26 13:30:07,00:11:37,00:11:37,Jednostka ogólnouczelniana,,Stanowisko administracyjne,,Nie,0,0,0,,0,0,0,0,0,0,0,,0,0,0,0,0,0,0,0,,0,0,0,0,,0,0,,0,0,,Nie,,0,0,0,1,1,0,0,0,,4,"Praca z niektórymi pracownikami jest dosyć problematyczna, a to przekłada się na brak odpowiedniej atmosfery w zespole.",,,,,,,,,,,,,6,6,7,4,6,7,6,3,5,2,4,3,1,1,0,0,0,0,0,0,1,0,0,0,0,0,0,0,0,0,0,0,1,1,0,,Nastawienie na rozwój wartości chrześcijańskich,Pogłębianie sfery duchowej,,,,,,,5,5,6,6,2,4,5,6,Trudno powiedzieć,5,5,5,6,4,2,5,7,6,4,5,4,5,4,5,5,6,2,2,5,4,Wolę nie podawać,1994,Wyższe,Magister,0,0,0,0,1,0,0,,0,,PC,,,,00:00:15,00:00:12,,00:00:20,,,,,,,00:00:07,,00:00:34,00:01:21,,00:01:41,00:00:55,00:00:41,00:01:35,,00:00:19,00:00:59,00:00:42,00:00:40,00:00:22,00:00:31,00:00:10,00:00:08,00:00:05
24,400472894,2024-01-26 13:27:19,2024-01-26 13:34:53,00:07:34,00:07:34,Jednostka ogólnouczelniana,,Stanowisko administracyjne,,Nie,0,0,0,,0,0,0,0,0,0,0,,0,0,0,0,0,0,0,0,,0,0,0,0,,0,0,,0,0,,Nie,,0,0,0,0,0,1,0,0,,7. Wysoka satysfakcja,,,,,,,,,,,,,,4,3,5,4,5,5,3,4,4,4,5,5,1,0,0,0,0,0,0,0,1,0,0,0,0,1,0,0,0,0,0,1,0,1,0,,otwartość,katolickość,wspólnota,,,,,,5,6,6,3,3,7,7,4,5,3,4,5,5,4,3,5,5,3,3,3,4,6,6,5,6,7,6,4,5,5,Mężczyzna,1965,Wyższe,Magister,0,0,1,0,0,0,0,,0,,PC,,,,00:00:09,00:00:10,,00:00:11,,,,,,,00:00:05,,00:00:41,,,00:00:58,00:00:29,00:00:24,00:00:58,,00:00:05,00:01:04,00:00:41,00:00:40,00:00:23,00:00:12,00:00:09,00:00:11,00:00:04
25,400472945,2024-01-26 12:29:08,2024-01-26 13:35:30,01:06:22,01:06:22,Wydział,Wydział Nauk Społecznych,Stanowisko badawczo-dydaktyczne,,Tak,0,0,0,,0,0,0,0,0,0,0,,1,1,1,0,0,0,0,0,,0,0,0,0,,0,0,,0,0,,Nie,,0,0,0,1,0,0,0,0,,5,"Zdecydowanie wyższe zarobki, chciałabym czuć większą swobodę w swojej pracy, bez nacisków odgórnych, możliwość samodzielnego dobierania zespołu, możliwość częstszego udziału w konferencjach naukowych.",3,2,6,4,5,5,2,2,3,4,Nie jest to dla mnie istotne,4,,,,,,,,,,,,,1,0,0,0,0,0,1,0,1,1,0,0,1,0,0,0,0,0,0,1,1,0,0,,Skupienie na człowieku,Otwartość,Duża przystępność dla studenta,4,5,1,3,2,Trudno powiedzieć,6,6,5,3,5,6,6,6,Trudno powiedzieć,5,Trudno powiedzieć,5,6,2,Trudno powiedzieć,7,4,Trudno powiedzieć,Trudno powiedzieć,Trudno powiedzieć,6,7,Trudno powiedzieć,Trudno powiedzieć,7,5,5,6,Trudno powiedzieć,Kobieta,1985,Wyższe,Doktor,0,0,0,0,0,0,0,,1,,PC,,,,00:00:32,00:00:05,00:00:04,00:00:05,,,00:00:38,,,,00:00:06,,00:58:45,00:00:51,00:00:54,,00:00:31,00:00:30,00:00:33,00:00:31,00:00:06,00:00:33,00:00:28,00:00:32,00:00:18,00:00:08,00:00:04,00:00:06,00:00:02
26,400479860,2024-01-26 14:43:18,2024-01-26 14:52:15,00:08:57,00:08:57,Wydział,Wydział Historii i Dziedzictwa Kulturowego,Stanowisko badawczo-dydaktyczne,,Tak,0,0,0,,0,1,0,0,0,0,0,,0,0,0,0,0,0,0,0,,0,0,0,0,,0,0,,0,0,,Nie,,0,0,0,0,1,0,0,0,,5,Profesjonalizacja procedur administracyjnych,6,5,6,3,4,5,4,4,4,4,4,4,,,,,,,,,,,,,1,0,0,0,0,0,1,0,1,0,0,0,0,0,0,0,1,0,0,1,0,0,0,,Potencjał młodych naukowców,Tradycja,,1,5,2,4,3,Trudno powiedzieć,Trudno powiedzieć,3,2,1,3,4,1,1,3,3,4,3,3,3,3,6,3,3,3,2,5,4,4,3,1,3,2,2,3,Wolę nie podawać,1981,Wyższe,Doktor habilitowany,0,0,0,0,0,0,0,,1,,PC,,,,00:00:06,00:00:07,00:00:03,00:00:07,,00:00:04,,,,,00:00:05,,00:00:15,00:00:31,00:01:06,,00:00:27,00:00:19,00:00:54,00:00:42,00:00:13,00:01:26,00:00:45,00:00:39,00:00:32,00:00:19,00:00:04,00:00:08,00:00:05
27,400481462,2024-01-26 14:52:29,2024-01-26 15:12:03,00:19:34,00:19:34,Jednostka ogólnouczelniana,,Stanowisko administracyjne,,Nie,0,0,0,,0,0,0,0,0,0,0,,0,0,0,0,0,0,0,0,,0,0,0,0,,0,0,,0,0,,Nie,,0,0,1,0,0,0,0,0,,6,,,,,,,,,,,,,,3,6,3,Trudno powiedzieć,Trudno powiedzieć,4,6,2,3,Trudno powiedzieć,5,Trudno powiedzieć,0,0,1,0,0,0,0,0,0,0,0,0,0,0,0,0,0,0,0,1,0,0,0,,papieska,krakowska,tradycyjna,,,,,,4,4,3,5,4,3,3,Trudno powiedzieć,Trudno powiedzieć,4,4,4,Trudno powiedzieć,5,3,3,5,4,Trudno powiedzieć,4,Trudno powiedzieć,4,4,4,4,4,Trudno powiedzieć,4,4,5,Kobieta,1968,Wyższe,Doktor,1,0,0,0,0,0,0,,0,,PC,,,,00:01:27,00:00:20,,00:00:50,,,,,,,00:00:09,,00:02:26,,,00:03:38,00:00:55,00:01:05,00:01:32,,00:00:35,00:01:46,00:01:36,00:01:30,00:00:44,00:00:34,00:00:07,00:00:12,00:00:08
28,400485248,2024-01-26 15:49:52,2024-01-26 16:01:30,00:11:38,00:11:38,Wydział,Wydział Nauk Społecznych,Stanowisko badawczo-dydaktyczne,,Tak,0,0,0,,0,0,0,0,0,0,0,,0,0,0,0,0,1,1,0,,0,0,0,0,,0,0,,0,0,,Tak,Katolicki Uniwersytet Lubelski,0,0,0,0,1,0,0,0,,5,ludzie,4,3,5,3,6,5,2,3,3,3,2,2,,,,,,,,,,,,,1,0,0,0,0,0,0,0,1,1,0,0,0,1,0,0,1,0,0,0,0,0,0,,Uczelnia Papieska,,,2,5,1,4,3,6,1,1,7,7,1,1,6,6,7,7,7,7,6,7,1,3,7,7,7,7,2,1,6,7,2,7,7,7,7,Mężczyzna,1961,Wyższe,Profesor,0,0,1,0,0,0,0,,0,,PC,,,,00:00:09,00:00:17,00:00:07,00:00:11,,,00:00:12,,,,00:00:07,00:00:25,00:00:37,00:00:12,00:01:01,,00:00:34,00:00:29,00:00:31,00:01:08,00:00:08,00:01:20,00:02:02,00:00:50,00:00:24,00:00:20,00:00:10,00:00:20,00:00:04
29,400504370,2024-01-26 21:35:36,2024-01-26 21:51:01,00:15:25,00:15:25,Wydział,Wydział Teologiczny,Stanowisko badawczo-dydaktyczne,,Tak,0,0,0,,0,0,0,0,0,0,0,,0,0,0,0,0,0,0,0,,0,0,1,0,,0,0,,0,0,,Tak,Uczelnie zagraniczne,0,0,0,0,0,1,0,0,,6,,4,6,6,6,5,6,4,7,6,5,7,6,,,,,,,,,,,,,1,0,0,1,0,0,1,0,1,0,0,0,0,1,0,0,1,0,0,1,0,0,0,,Wolność słowa i wypowiedzi,Brak mobbingu i nacisku ze strony przełożonych,Niezależność w zakresie podejmowania badań naukowych,3,1,2,5,4,4,6,6,4,4,6,6,5,2,7,5,7,2,5,5,6,6,5,5,2,2,6,6,6,6,7,4,3,7,5,Mężczyzna,1975,Wyższe,Doktor habilitowany,1,0,0,0,0,0,0,,0,,PC,,,,00:00:17,00:00:14,00:00:06,00:00:16,,,,00:00:09,,,00:00:07,00:00:43,00:00:54,,00:01:38,,00:01:08,00:00:42,00:01:14,00:01:26,00:00:24,00:01:35,00:01:20,00:01:25,00:00:44,00:00:23,00:00:09,00:00:23,00:00:08
30,400722767,2024-01-28 08:55:39,2024-01-28 09:07:03,00:11:24,00:11:24,Wydział,Wydział Teologiczny,Stanowisko badawczo-dydaktyczne,,Tak,0,0,0,,0,0,0,0,0,0,0,,0,0,0,0,0,0,0,0,,1,0,1,0,,0,0,,0,0,,Nie,,0,0,0,0,1,1,0,0,,6,,2,5,6,5,7,7,4,5,5,6,7,5,,,,,,,,,,,,,1,0,1,0,0,0,0,0,0,1,0,0,1,1,0,0,1,0,0,1,0,0,0,,Tradycja,wierność w nauczaniu katolickim,relacje międzyosobowe,2,1,5,3,4,4,7,7,5,5,7,7,6,7,5,5,7,6,5,5,7,7,4,7,4,3,7,7,6,6,6,6,6,7,6,Mężczyzna,1971,Wyższe,Doktor habilitowany,1,0,0,0,0,0,0,,0,,PC,,,,00:00:04,00:00:13,00:00:06,00:00:14,,,,00:00:15,,,00:00:04,,00:00:39,,00:01:39,,00:00:40,00:00:32,00:01:34,00:00:45,00:00:16,00:01:07,00:00:54,00:01:05,00:00:25,00:00:28,00:00:06,00:00:11,00:00:07
31,400734659,2024-01-28 15:26:03,2024-01-28 15:36:20,00:10:17,00:10:17,Wydział,Wydział Historii i Dziedzictwa Kulturowego,Stanowisko dydaktyczne,,Tak,0,0,0,,0,0,0,1,0,0,0,,0,0,0,0,0,0,0,0,,0,0,0,0,,0,0,,0,0,,Nie,Akade,0,0,0,1,1,0,0,0,,6,,4,Trudno powiedzieć,5,2,6,7,5,Trudno powiedzieć,Trudno powiedzieć,5,Trudno powiedzieć,2,,,,,,,,,,,,,1,0,0,0,0,0,0,0,1,0,0,0,0,0,0,0,0,0,1,0,0,1,0,,Ciężko powiedzieć,,,1,5,4,3,2,2,Trudno powiedzieć,Trudno powiedzieć,2,Trudno powiedzieć,Trudno powiedzieć,Trudno powiedzieć,Trudno powiedzieć,Trudno powiedzieć,3,2,Trudno powiedzieć,Trudno powiedzieć,1,1,Trudno powiedzieć,1,2,5,Trudno powiedzieć,Trudno powiedzieć,4,6,Trudno powiedzieć,Trudno powiedzieć,6,Trudno powiedzieć,Trudno powiedzieć,Trudno powiedzieć,Trudno powiedzieć,Mężczyzna,1980,Wyższe,Doktor,1,1,0,0,0,0,0,,0,,PC,,,,00:02:59,00:00:08,00:00:04,00:00:06,,00:00:03,,,,,00:00:18,,00:00:36,,00:01:41,,00:00:27,00:00:25,00:00:16,00:00:30,00:00:04,00:00:42,00:00:38,00:00:35,00:00:13,00:00:14,00:00:06,00:00:13,00:00:03
32,400869557,2024-01-29 13:24:53,2024-01-29 13:43:46,00:18:53,00:18:53,Wydział,Wydział Historii i Dziedzictwa Kulturowego,Stanowisko dydaktyczne,,Tak,0,0,0,,1,1,0,0,0,1,0,,0,0,0,0,0,0,0,0,,0,0,0,0,,0,0,,0,0,,Tak,Wyższa Szkoła Informatyki i Zarządzania w Rzeszowie,0,0,0,1,1,0,0,0,,5,"Wprowadzenie takich zmian, żeby studenci (nawet na ostatnich latach) nie rezygnowali ze studiów. To wpływa na komfort pracy.",5,2,6,3,6,6,6,5,7,5,7,2,,,,,,,,,,,,,1,0,0,0,0,0,1,0,1,1,0,0,0,0,0,0,0,0,0,0,0,0,1,Studiowanie w kameralnych warunkach,Kameralne warunki,Atmosfera,Ułatwiony kontakt wykładowców ze studentami,2,3,1,5,4,4,6,6,5,5,5,6,4,4,6,6,7,6,5,4,6,5,3,6,4,3,3,4,4,5,6,2,1,2,2,Mężczyzna,1980,Wyższe,Doktor,0,0,0,0,1,0,1,Agnostyk,0,,PC,,,,00:00:13,00:00:11,00:00:06,00:00:06,,00:00:09,,,,,00:00:03,00:00:19,00:00:35,00:08:28,00:01:07,,00:00:34,00:00:33,00:00:40,00:00:41,00:00:06,00:01:07,00:00:50,00:00:34,00:00:33,00:00:11,00:00:04,00:01:30,00:00:13
33,400887245,2024-01-29 16:34:00,2024-01-29 16:41:26,00:07:26,00:07:26,Wydział,Wydział Historii i Dziedzictwa Kulturowego,Stanowisko badawczo-dydaktyczne,,Tak,0,0,0,,0,0,1,0,1,0,0,,0,0,0,0,0,0,0,0,,0,0,0,0,,0,0,,0,0,,Nie,,0,0,0,1,1,0,1,1,Potrzeba zmiany środowiska pracy,7. Wysoka satysfakcja,,5,6,7,6,7,7,6,7,7,7,Nie jest to dla mnie istotne,Nie jest to dla mnie istotne,,,,,,,,,,,,,1,0,1,0,0,0,1,0,0,1,0,0,0,0,0,0,0,0,1,1,0,0,0,,szacunek,katolickość,humanizm,1,2,3,4,5,5,6,6,7,7,5,6,6,6,7,7,7,7,6,5,4,7,5,7,6,7,6,7,Trudno powiedzieć,7,7,6,6,6,6,Kobieta,1986,Wyższe,Doktor,0,1,1,0,0,0,0,,0,,PC,,,,00:00:05,00:00:06,00:00:04,00:00:08,,00:00:06,,,,,00:00:05,,00:00:57,,00:00:40,,00:00:23,00:00:15,00:01:45,00:00:32,00:00:03,00:00:33,00:00:31,00:00:22,00:00:21,00:00:10,00:00:03,00:00:14,00:00:03
34,401136389,2024-01-30 10:43:59,2024-01-30 10:54:33,00:10:34,00:10:34,Jednostka ogólnouczelniana,,Inne (jakie?),Biblioteka,Nie,0,0,0,,0,0,0,0,0,0,0,,0,0,0,0,0,0,0,0,,0,0,0,0,,0,0,,0,0,,Nie,,0,0,0,0,0,0,0,1,Był wolny etat,4,"Podejście do pracowników. W tym momencie niezależnie od wykonywanej pracy wrzucanie wszystkich do jednego worka. Przekonanie osób na kierowniczych stanowiskach, ze większość nic nie robi, a tak na prawdę nie mają pojęcia o zakresie obowiązków danego pracownika. Brak motywacji zarówno finansowej, ale również uznaniowej.",,,,,,,,,,,,,,,,,,,,,,,,,1,0,0,0,0,0,0,0,1,1,0,0,0,0,0,0,1,0,0,0,0,0,0,,katolicka,"mała, kameralna","brak procedur, wiecej znacza znajomości",,,,,,Trudno powiedzieć,6,6,4,2,5,7,4,4,2,3,5,4,4,4,5,1,4,4,6,5,6,6,5,4,5,5,4,5,4,Kobieta,1973,Wyższe,Magister,0,0,1,0,0,0,0,,0,,PC,,,https://www.webankieta.pl/ankieta/1093835/r/1/badanie-osob-pracujacych-na-upjpii.html?tracker365370173&,00:00:04,00:00:08,,00:00:24,,,,,,,00:00:13,,00:00:42,00:02:34,,,00:00:37,00:00:19,00:01:11,,00:00:18,00:01:17,00:00:53,00:00:46,00:00:29,00:00:16,00:00:08,00:00:10,00:00:05
35,401712488,2024-02-01 19:31:17,2024-02-01 19:58:18,00:27:01,00:27:01,Wydział,Wydział Historii i Dziedzictwa Kulturowego,Stanowisko dydaktyczne,,Tak,0,0,0,,1,0,0,0,0,0,0,,0,0,0,0,0,0,0,0,,0,0,0,0,,0,0,,0,0,,Tak,Uniwersytet Pedagogiczny im. KEN w Krakowie - umowa zlecenie na prowadzenie zajęć dydakt.,0,0,0,0,1,0,0,1,finansowy,5,"zmiana pokoleniowa na Wydziale, ściślejsza współpraca poszczególnych jednostek Wydziału",3,3,6,4,3,7,4,Trudno powiedzieć,6,Trudno powiedzieć,6,Trudno powiedzieć,,,,,,,,,,,,,1,0,0,0,0,0,0,0,1,1,0,0,0,1,0,0,1,0,0,0,0,1,0,,kameralność,otwartość na osoby niepełnosprawne,kultywowanie tradycji katolickiej,2,4,1,5,3,6,2,7,6,Trudno powiedzieć,4,5,Trudno powiedzieć,6,Trudno powiedzieć,Trudno powiedzieć,5,6,4,4,4,6,5,5,4,Trudno powiedzieć,7,5,4,4,7,7,3,Trudno powiedzieć,5,Kobieta,1975,Wyższe,Doktor,1,0,0,0,0,0,0,,0,"Myślę, że aktualnie przeżywa czas wzmożonych wysiłków mających na celu jej unowocześnienie, zmianę pokoleniową kadry, dostosowanie do współczesnych wymagań i standardów. Chciałabym, aby to się powiodło.",PC,,,https://www.webankieta.pl/ankieta/1093835/r/1/badanie-osob-pracujacych-na-upjpii.html?tracker365369462&,00:01:16,00:00:11,00:00:08,00:00:29,,00:00:14,,,,,00:00:05,00:00:50,00:00:56,00:00:51,00:04:44,,00:01:22,00:00:59,00:01:55,00:01:59,00:00:52,00:02:30,00:01:56,00:02:20,00:00:47,00:00:16,00:00:06,00:00:14,00:02:01
36,402217481,2024-02-03 14:48:40,2024-02-03 14:58:33,00:09:53,00:09:53,Wydział,Wydział Nauk Społecznych,Stanowisko badawczo-dydaktyczne,,Tak,0,0,0,,0,0,0,0,0,0,0,,1,1,1,0,0,0,0,0,,0,0,0,0,,0,0,,0,0,,Nie,,0,0,1,0,0,0,0,0,,7. Wysoka satysfakcja,,5,4,6,6,7,7,6,6,6,5,5,4,,,,,,,,,,,,,0,0,1,0,0,1,1,0,1,1,0,0,0,0,0,0,0,0,0,0,1,1,0,,atmosfera życzliwości,kameralność,bliskie relacje między wykładowcami a studentami,1,5,3,4,2,6,3,4,7,7,7,3,4,6,5,7,7,7,6,4,3,7,7,6,5,6,6,5,3,4,6,5,6,5,6,Kobieta,1977,Wyższe,Doktor,0,0,1,0,0,0,0,,0,,PC,,,,00:00:17,00:00:13,00:00:08,00:00:16,,,00:00:15,,,,00:00:06,,00:00:33,,00:01:09,,00:00:42,00:00:30,00:01:10,00:01:06,00:00:07,00:00:50,00:00:42,00:00:41,00:00:25,00:00:17,00:00:08,00:00:13,00:00:05