Lp.,"ID",Data rozpoczęcia,Data zakończenia,Całkowity czas wypełniania,Rzeczywisty czas wypełniania,1. Jaki kierunek studiujesz na UPJPII?,1. Jaki kierunek studiujesz na UPJPII? [Wpisz...],2. Rodzaj studiów,3. Stopień studiów,4A. Rok studiów,4B. Rok studiów,4C. Rok studiów,"5. Czy wybrana uczelnia była dla Ciebie uczelnią pierwszego wyboru, czy chciałaś/chciałeś się dostać na inną uczelnię?","5. 1. Wpisz pełną nazwę uczelni, na której chciałaś/chciałeś studiować",6. Czy studiowałaś/studiowałeś już wcześniej na innej uczelni?,"6.1. Wpisz pełną nazwę uczelni, na której wcześniej studiowałaś/studiowałeś",7. Czy przyjechałaś/przyjechałeś lub dojeżdżasz na studia z innej miejscowości?,"8. Jak, biorąc pod uwagę całokształt Twoich doświadczeń z UPJPII, oceniasz swoją satysfakcję ze studiowania właśnie tutaj?","8.1. Co na uczelni musiałoby się zmienić lub poprawić, żeby Twoja ocena satysfakcji była wyższa?","9. Teraz chcielibyśmy poznać Twoją satysfakcję ze studiowania na UPJPII nieco dokładniej. W jakim stopniu jesteś zadowolona/zadowolony lub jesteś niezadowolona/niezadowolony z następujących aspektów studiów: [Wyposażenie i infrastruktura uczelni (sprzęt, budynki dydaktyczne, przestrzeń wspólna etc.)]","9. Teraz chcielibyśmy poznać Twoją satysfakcję ze studiowania na UPJPII nieco dokładniej. W jakim stopniu jesteś zadowolona/zadowolony lub jesteś niezadowolona/niezadowolony z następujących aspektów studiów: [Poziom zajęć dydaktycznych (ciekawość, aktualność wiedzy, przygotowanie wykładowców itp.)]","9. Teraz chcielibyśmy poznać Twoją satysfakcję ze studiowania na UPJPII nieco dokładniej. W jakim stopniu jesteś zadowolona/zadowolony lub jesteś niezadowolona/niezadowolony z następujących aspektów studiów: [Stosunek pracowników administracji do studentów (życzliwość, skuteczność w załatwianiu spraw itp.)]","9. Teraz chcielibyśmy poznać Twoją satysfakcję ze studiowania na UPJPII nieco dokładniej. W jakim stopniu jesteś zadowolona/zadowolony lub jesteś niezadowolona/niezadowolony z następujących aspektów studiów: [Możliwość rozwoju religijnego (możliwość pogłębienia wiary, działalność duszpasterstwa akademickiego itp.)]","9. Teraz chcielibyśmy poznać Twoją satysfakcję ze studiowania na UPJPII nieco dokładniej. W jakim stopniu jesteś zadowolona/zadowolony lub jesteś niezadowolona/niezadowolony z następujących aspektów studiów: [Możliwość rozwoju osobistego (np. wyjazdy, programy wymian studenckich, praktyki zawodowe, działalność organizacji studenckich etc.)]",9. Teraz chcielibyśmy poznać Twoją satysfakcję ze studiowania na UPJPII nieco dokładniej. W jakim stopniu jesteś zadowolona/zadowolony lub jesteś niezadowolona/niezadowolony z następujących aspektów studiów: [Możliwość udziału w realizacji badań naukowych],"10. Najpierw chcielibyśmy zapytać o postrzeganie uczelni w kręgu bliskich Ci osób. Wybierz z listy maks. 5 określeń, które Twoim zdaniem najlepiej oddają to, jak UPJPII jest postrzegany przez innych. [Uczelnia katolicka]","10. Najpierw chcielibyśmy zapytać o postrzeganie uczelni w kręgu bliskich Ci osób. Wybierz z listy maks. 5 określeń, które Twoim zdaniem najlepiej oddają to, jak UPJPII jest postrzegany przez innych. [Uczelnia nowoczesna]","10. Najpierw chcielibyśmy zapytać o postrzeganie uczelni w kręgu bliskich Ci osób. Wybierz z listy maks. 5 określeń, które Twoim zdaniem najlepiej oddają to, jak UPJPII jest postrzegany przez innych. [Dobre miejsce do studiowania]","10. Najpierw chcielibyśmy zapytać o postrzeganie uczelni w kręgu bliskich Ci osób. Wybierz z listy maks. 5 określeń, które Twoim zdaniem najlepiej oddają to, jak UPJPII jest postrzegany przez innych. [Dobre miejsce do rozwoju osobistego]","10. Najpierw chcielibyśmy zapytać o postrzeganie uczelni w kręgu bliskich Ci osób. Wybierz z listy maks. 5 określeń, które Twoim zdaniem najlepiej oddają to, jak UPJPII jest postrzegany przez innych. [Szkoła zapewniająca dobry start na rynku pracy]","10. Najpierw chcielibyśmy zapytać o postrzeganie uczelni w kręgu bliskich Ci osób. Wybierz z listy maks. 5 określeń, które Twoim zdaniem najlepiej oddają to, jak UPJPII jest postrzegany przez innych. [Szkoła oferująca atrakcyjne kierunki studiów]","10. Najpierw chcielibyśmy zapytać o postrzeganie uczelni w kręgu bliskich Ci osób. Wybierz z listy maks. 5 określeń, które Twoim zdaniem najlepiej oddają to, jak UPJPII jest postrzegany przez innych. [Uczelnia tworząca własną społeczność i wspólnotę]","10. Najpierw chcielibyśmy zapytać o postrzeganie uczelni w kręgu bliskich Ci osób. Wybierz z listy maks. 5 określeń, które Twoim zdaniem najlepiej oddają to, jak UPJPII jest postrzegany przez innych. [Uczelnia wyjątkowa]","10. Najpierw chcielibyśmy zapytać o postrzeganie uczelni w kręgu bliskich Ci osób. Wybierz z listy maks. 5 określeń, które Twoim zdaniem najlepiej oddają to, jak UPJPII jest postrzegany przez innych. [Uczelnia papieska]","10. Najpierw chcielibyśmy zapytać o postrzeganie uczelni w kręgu bliskich Ci osób. Wybierz z listy maks. 5 określeń, które Twoim zdaniem najlepiej oddają to, jak UPJPII jest postrzegany przez innych. [Uczelnia kameralna]","10. Najpierw chcielibyśmy zapytać o postrzeganie uczelni w kręgu bliskich Ci osób. Wybierz z listy maks. 5 określeń, które Twoim zdaniem najlepiej oddają to, jak UPJPII jest postrzegany przez innych. [Uczelnia prestiżowa]","10. Najpierw chcielibyśmy zapytać o postrzeganie uczelni w kręgu bliskich Ci osób. Wybierz z listy maks. 5 określeń, które Twoim zdaniem najlepiej oddają to, jak UPJPII jest postrzegany przez innych. [Uczelnia międzynarodowa]","10. Najpierw chcielibyśmy zapytać o postrzeganie uczelni w kręgu bliskich Ci osób. Wybierz z listy maks. 5 określeń, które Twoim zdaniem najlepiej oddają to, jak UPJPII jest postrzegany przez innych. [Uczelnia posiadająca dobrą kadrę]","10. Najpierw chcielibyśmy zapytać o postrzeganie uczelni w kręgu bliskich Ci osób. Wybierz z listy maks. 5 określeń, które Twoim zdaniem najlepiej oddają to, jak UPJPII jest postrzegany przez innych. [Uczelnia z tradycjami]","10. Najpierw chcielibyśmy zapytać o postrzeganie uczelni w kręgu bliskich Ci osób. Wybierz z listy maks. 5 określeń, które Twoim zdaniem najlepiej oddają to, jak UPJPII jest postrzegany przez innych. [Uczelnia badawcza]","10. Najpierw chcielibyśmy zapytać o postrzeganie uczelni w kręgu bliskich Ci osób. Wybierz z listy maks. 5 określeń, które Twoim zdaniem najlepiej oddają to, jak UPJPII jest postrzegany przez innych. [Żadne z wymienionych]","11. Poprzednie pytanie dotyczyło postrzegania uczelni przez Twoje otoczenie. A z czym Tobie osobiście kojarzy się UPJPII? Wybierz z listy 1-2 zestawy wyrazów i określeń, które Twoim zdaniem najlepiej oddają charakter UPJPII. [Kościelna, katolicka, wiara]","11. Poprzednie pytanie dotyczyło postrzegania uczelni przez Twoje otoczenie. A z czym Tobie osobiście kojarzy się UPJPII? Wybierz z listy 1-2 zestawy wyrazów i określeń, które Twoim zdaniem najlepiej oddają charakter UPJPII. [Patriotyzm, powołanie, zaangażowanie]","11. Poprzednie pytanie dotyczyło postrzegania uczelni przez Twoje otoczenie. A z czym Tobie osobiście kojarzy się UPJPII? Wybierz z listy 1-2 zestawy wyrazów i określeń, które Twoim zdaniem najlepiej oddają charakter UPJPII. [Wiedza, badania, rozwój]","11. Poprzednie pytanie dotyczyło postrzegania uczelni przez Twoje otoczenie. A z czym Tobie osobiście kojarzy się UPJPII? Wybierz z listy 1-2 zestawy wyrazów i określeń, które Twoim zdaniem najlepiej oddają charakter UPJPII. [Dziedzictwo, tradycja, wspólnota]","11. Poprzednie pytanie dotyczyło postrzegania uczelni przez Twoje otoczenie. A z czym Tobie osobiście kojarzy się UPJPII? Wybierz z listy 1-2 zestawy wyrazów i określeń, które Twoim zdaniem najlepiej oddają charakter UPJPII. [Otwartość, wolność, człowiek]","11. Poprzednie pytanie dotyczyło postrzegania uczelni przez Twoje otoczenie. A z czym Tobie osobiście kojarzy się UPJPII? Wybierz z listy 1-2 zestawy wyrazów i określeń, które Twoim zdaniem najlepiej oddają charakter UPJPII. [Misja, wychowanie, kształcenie]","11. Poprzednie pytanie dotyczyło postrzegania uczelni przez Twoje otoczenie. A z czym Tobie osobiście kojarzy się UPJPII? Wybierz z listy 1-2 zestawy wyrazów i określeń, które Twoim zdaniem najlepiej oddają charakter UPJPII. [Inne - jakie?]","11. Poprzednie pytanie dotyczyło postrzegania uczelni przez Twoje otoczenie. A z czym Tobie osobiście kojarzy się UPJPII? Wybierz z listy 1-2 zestawy wyrazów i określeń, które Twoim zdaniem najlepiej oddają charakter UPJPII. [Inne - jakie?] [Wpisz...]","12. Wymień, w kolejności od najważniejszej, 1-3 cechy UPJPII, które Twoim zdaniem najbardziej odróżniają go od innych uczelni w Polsce [1]","12. Wymień, w kolejności od najważniejszej, 1-3 cechy UPJPII, które Twoim zdaniem najbardziej odróżniają go od innych uczelni w Polsce [2]","12. Wymień, w kolejności od najważniejszej, 1-3 cechy UPJPII, które Twoim zdaniem najbardziej odróżniają go od innych uczelni w Polsce [3]","13. Wymień, w kolejności od najważniejszej, 1-3 cechy UPJPII, które były dla Ciebie istotne przy wyborze uczelni [1]","13. Wymień, w kolejności od najważniejszej, 1-3 cechy UPJPII, które były dla Ciebie istotne przy wyborze uczelni [2]","13. Wymień, w kolejności od najważniejszej, 1-3 cechy UPJPII, które były dla Ciebie istotne przy wyborze uczelni [3]","14a. Na ile zgadzasz się lub nie zgadzasz się, że: [Moja uczelnia jest zorientowana przede wszystkim na przyszłość]","14a. Na ile zgadzasz się lub nie zgadzasz się, że: [Moja uczelnia stawia przede wszystkim na tradycję]","14a. Na ile zgadzasz się lub nie zgadzasz się, że: [Moja uczelnia stawia przede wszystkim na katolickie wartości]","14a. Na ile zgadzasz się lub nie zgadzasz się, że: [Moja uczelnia stara się nadążać za współczesnymi rozwiązaniami technologicznymi]","14a. Na ile zgadzasz się lub nie zgadzasz się, że: [Moja uczelnia chętnie wprowadza zmiany w swoim funkcjonowaniu]","14b. Na ile zgadzasz się lub nie zgadzasz się, że: [Moja uczelnia zdecydowanie odróżnia się od innych uczelni w województwie]","14b. Na ile zgadzasz się lub nie zgadzasz się, że: [Tym, co odróżnia moją uczelnię od innych uczelni jest to, że jest katolicka]","14b. Na ile zgadzasz się lub nie zgadzasz się, że: [Na tle pozostałych uczelni katolickich w Polsce moja uczelnia wyróżnia się czymś szczególnym]","14b. Na ile zgadzasz się lub nie zgadzasz się, że: [Uważam, że moja uczelnia odróżnia się pod względem oferty od świeckich uczelni w Polsce]","14c. Na ile zgadzasz się lub nie zgadzasz się, że: [Moja uczelnia jest miejscem otwartej dyskusji światopoglądowej]","14c. Na ile zgadzasz się lub nie zgadzasz się, że: [Moja uczelnia jest otwarta na ludzi różnych religii i wyznań]","14c. Na ile zgadzasz się lub nie zgadzasz się, że: [Moja uczelnia dąży do tego, by jej absolwenci byli dobrymi obywatelami Polski]","14c. Na ile zgadzasz się lub nie zgadzasz się, że: [Moja uczelnia dąży do tego, by jej absolwenci myśleli globalnie]","14d. Na ile zgadzasz się lub nie zgadzasz się, że: [Moja uczelnia jest nastawiona przede wszystkim na kształcenie studentów]","14d. Na ile zgadzasz się lub nie zgadzasz się, że: [Moja uczelnia jest nastawiona głównie na prowadzenie badań naukowych]","14d. Na ile zgadzasz się lub nie zgadzasz się, że: [Moja uczelnia koncentruje się zwłaszcza na wychowaniu studentów w duchu katolickim]","14d. Na ile zgadzasz się lub nie zgadzasz się, że: [Lokalizacja mojej uczelni (miasto, region) ma duży wpływ na jej funkcjonowanie]","14e. Na ile zgadzasz się lub nie zgadzasz się, że: [Uważam, że moja uczelnia jest innowacyjna]","14e. Na ile zgadzasz się lub nie zgadzasz się, że: [Moja uczelnia stara się przede wszystkim jak najlepiej wykonywać swoje zadania i obowiązki]","14e. Na ile zgadzasz się lub nie zgadzasz się, że: [Moja uczelnia wzoruje się na tym, co robią inne uczelnie]","14e. Na ile zgadzasz się lub nie zgadzasz się, że: [Moja uczelnia stara się wprowadzać nowe elementy do tradycji religijnej]","14f. Na ile zgadzasz się lub nie zgadzasz się, że: [Moja uczelnia często odwołuje się do swojej historii]","14f. Na ile zgadzasz się lub nie zgadzasz się, że: [Moja uczelnia przy każdej okazji podkreśla swój związek z dziedzictwem religijnym]","14f. Na ile zgadzasz się lub nie zgadzasz się, że: [Moja uczelnia podtrzymuje pamięć o bohaterach narodowych]","14f. Na ile zgadzasz się lub nie zgadzasz się, że: [Na mojej uczelni uroczyście obchodzi się święta państwowe]","14f. Na ile zgadzasz się lub nie zgadzasz się, że: [Na mojej uczelni uroczyście obchodzi się święta religijne]","14g. To już ostatni taki zestaw pytań. Na ile zgadzasz się lub nie zgadzasz się, że: [Mam poczucie, że celem mojej uczelni jest awans w rankingach szkół wyższych]","14g. To już ostatni taki zestaw pytań. Na ile zgadzasz się lub nie zgadzasz się, że: [Moja uczelnia dąży przede wszystkim do bycia równym partnerem dla uczelni zagranicznych]","14g. To już ostatni taki zestaw pytań. Na ile zgadzasz się lub nie zgadzasz się, że: [Moja uczelnia dąży do tego, by być najlepszą uczelnią katolicką w Polsce]","14g. To już ostatni taki zestaw pytań. Na ile zgadzasz się lub nie zgadzasz się, że: [Współpraca z innymi uczelniami katolickimi na świecie jest ważna dla mojej uczelni]",Płeć,Miejsce stałego zamieszkania (przed rozpoczęciem studiów),Wielkość miejscowości stałego zamieszkania,Województwo,Twój status pracowniczy,Z którym z poniższych określeń najbardziej się utożsamiasz: [Katolik],Z którym z poniższych określeń najbardziej się utożsamiasz: [Chrześcijanin],Z którym z poniższych określeń najbardziej się utożsamiasz: [Osoba wierząca],Z którym z poniższych określeń najbardziej się utożsamiasz: [Osoba niewierząca],Z którym z poniższych określeń najbardziej się utożsamiasz: [Osoba poszukująca],Z którym z poniższych określeń najbardziej się utożsamiasz: [Ateista],Z którym z poniższych określeń najbardziej się utożsamiasz: [Inne (jakie?)],Z którym z poniższych określeń najbardziej się utożsamiasz: [Inne (jakie?)] [Wpisz...],Z którym z poniższych określeń najbardziej się utożsamiasz: [Wolę nie odpowiadać],"Jeżeli chcesz podzielić się jeszcze jakimiś uwagami na temat tego, jaka jest Twoja uczelnia, możesz je wpisać poniżej.",Urządzenie,Parametr zewnętrzny,Tagi,Strona odsyłająca,Czas wypełniania strony nr1,Czas wypełniania strony nr2,Czas wypełniania strony nr3,Czas wypełniania strony nr4,Czas wypełniania strony nr5,Czas wypełniania strony nr6,Czas wypełniania strony nr7,Czas wypełniania strony nr8,Czas wypełniania strony nr9,Czas wypełniania strony nr10,Czas wypełniania strony nr11,Czas wypełniania strony nr12,Czas wypełniania strony nr13,Czas wypełniania strony nr14,Czas wypełniania strony nr15,Czas wypełniania strony nr16,Czas wypełniania strony nr17,Czas wypełniania strony nr18,Czas wypełniania strony nr19,Czas wypełniania strony nr20,Czas wypełniania strony nr21,Czas wypełniania strony nr22,Czas wypełniania strony nr23,Czas wypełniania strony nr24,Czas wypełniania strony nr25
1,398231402,2024-01-15 15:25:09,2024-01-15 15:41:27,00:16:18,00:16:18,Psychologia,,Stacjonarne,Jednolite studia magisterskie,,,Trzeci,Chciałam/chciałem studiować na innej uczelni,Uniwersytet Pedagogiczny (UKEN)w Krakowie,Nie,,Tak,4,"-nowoczesne sale 
-poświęcenie większego funduszu na kierunek (w moim przypadku psychologia)
-aktualizowanie wiedzy naukowej
-brak szerzenia heretycznych poglądów, które nie są związane z nauką 
-brak wprowadzania niepotrzebnych ideologii (w przypadku niektórych wykładowców:)) )",2,4,6,Nie jest to dla mnie istotne,5,4,1,0,0,0,0,0,1,0,1,1,0,0,0,1,0,0,1,0,0,0,1,0,0,,„Pro-studenckość”,Kameralność,,Nowoczesny sprzęt,Profesjonalizm 100%,Dbanie o dobro i godność człowieka,Trudno powiedzieć,4,5,4,Trudno powiedzieć,5,4,Trudno powiedzieć,Trudno powiedzieć,5,5,Trudno powiedzieć,Trudno powiedzieć,5,Trudno powiedzieć,4,Trudno powiedzieć,2,4,5,5,2,5,2,5,7,4,Trudno powiedzieć,Trudno powiedzieć,Trudno powiedzieć,Kobieta,Bielsko-Biała,Miasto 100 000-499 999 mieszkańców,śląskie,Pracuję na etat (pełny lub część),0,0,1,0,1,0,0,,0,"Wolałabym, żeby kadra w sposób naukowy podchodzila do przekazywania wiedzy. Większość jest profesjonalna, natomiast nie brakuje osób, które nie wnoszą nic swoją obecnością.",Mobile,,,https://www.webankieta.pl/ankieta/1094006/r/1/badanie-osob-studiujacych-na-upjpii.html?tracker365369192&,00:00:17,00:00:09,00:00:05,,,00:00:04,00:00:17,00:01:03,00:00:03,,00:00:15,00:04:30,00:00:50,00:00:37,00:00:20,00:01:09,00:00:35,00:00:10,00:00:57,00:00:55,00:00:47,00:00:20,00:00:39,00:00:09,00:02:07
2,398233409,2024-01-15 15:47:11,2024-01-15 16:00:05,00:12:54,00:12:54,Teologia,,Stacjonarne,Jednolite studia magisterskie,,,Trzeci,To jest uczelnia pierwszego wyboru,,Nie,,Nie,7. Wysoka satysfakcja,,6,7,7,7,6,5,0,0,1,0,0,0,0,0,0,0,0,0,0,0,0,0,0,0,0,1,0,0,0,,Życzliwa,"Spokojna, cicha",Braterska,Blisko miejsca zamieszkania,Studia magisterskie,Parking,7,7,7,6,6,7,7,7,7,4,4,7,7,7,4,7,4,7,7,5,5,7,7,7,6,7,7,7,7,7,Kobieta,Tarnów,Miasto do 19 999 mieszkańców,małopolskie,Nie pracuję,1,0,0,0,0,0,0,,0,,Mobile,,,,00:00:25,00:00:18,00:00:18,,,00:00:16,00:00:15,,00:00:17,,00:00:22,,00:01:15,00:00:15,00:00:20,00:00:55,00:01:26,00:00:12,00:01:19,00:02:51,00:00:44,00:00:24,00:00:47,00:00:12,00:00:06
3,398235218,2024-01-15 16:07:53,2024-01-15 16:18:11,00:10:18,00:10:18,Teologia,,Stacjonarne,Jednolite studia magisterskie,,,Piąty,To jest uczelnia pierwszego wyboru,,Nie,,Nie,5,"Powinno być więcej zajęć z teologii dogmatycznej, patrologii i języków obcych i klasycznych.",7,6,5,6,3,3,1,0,1,0,0,0,0,0,0,1,0,0,0,1,0,0,1,0,0,0,0,1,0,,Katolickość,Rzetelność,Wiedza,Katolickość,Bliskość miejsca zamieszkania,Tradycja,Trudno powiedzieć,7,7,5,5,7,7,6,5,6,6,7,Trudno powiedzieć,7,5,7,5,5,6,5,5,6,7,6,6,7,4,1,3,4,Mężczyzna,Tarnów,Miasto 20 000-99 999 mieszkańców,małopolskie,Nie pracuję,0,1,1,0,0,0,0,,0,,Mobile,,,,00:00:29,00:00:13,00:00:11,,,00:00:05,00:00:07,,00:00:07,,00:00:19,00:00:59,00:00:44,00:00:31,00:00:25,00:00:47,00:00:55,00:00:14,00:01:03,00:00:44,00:00:54,00:00:33,00:00:38,00:00:15,00:00:05
4,398238191,2024-01-15 16:40:29,2024-01-15 16:49:40,00:09:11,00:09:11,Teologia,,Stacjonarne,Jednolite studia magisterskie,,,Trzeci,To jest uczelnia pierwszego wyboru,,Nie,,Tak,7. Wysoka satysfakcja,,7,7,7,7,7,7,0,1,0,1,0,1,0,0,0,0,1,0,1,0,0,0,1,0,0,0,0,1,0,,podejście do studenta,Otwartość,Rozwój,Dobre opinie,Odległość,Kierunki,7,7,7,7,7,Trudno powiedzieć,7,7,7,7,Trudno powiedzieć,7,7,7,Trudno powiedzieć,7,7,7,7,7,Trudno powiedzieć,7,7,7,7,7,4,2,7,Trudno powiedzieć,Mężczyzna,Tarnów,Miasto 20 000-99 999 mieszkańców,małopolskie,"Wykonuję umowy zlecenia, umowy o dzieło",1,1,1,0,0,0,0,,0,,Mobile,,,,00:00:12,00:00:05,00:00:04,,,00:00:04,00:00:04,,00:00:03,,00:00:10,,00:00:29,00:00:31,00:00:18,00:00:39,00:02:58,00:00:05,00:00:48,00:00:41,00:00:41,00:00:31,00:00:32,00:00:13,00:00:03
5,398241755,2024-01-15 17:16:56,2024-01-15 17:25:36,00:08:40,00:08:40,Pedagogika,,Stacjonarne,Drugi,,Drugi,,To jest uczelnia pierwszego wyboru,,Nie,,Tak,6,,4,6,7,7,6,7,1,0,0,0,0,1,1,0,1,1,0,0,0,0,0,0,0,0,0,0,1,1,0,,Kameralność,Dobra atmosfera,Mili wykładowcy,"Prowadzony kierunek studiów, na który chciałam iść",Dobre połączenie między domem a Krakowem,Usytuowanie uczelni w centrum,5,6,5,6,6,6,5,6,6,6,6,6,5,6,4,3,6,5,6,5,5,6,5,6,6,6,5,6,5,5,Kobieta,Tropie,Wieś,małopolskie,Pracuję na etat (pełny lub część),1,0,1,0,0,0,0,,0,,PC,,,https://www.webankieta.pl/ankieta/1094006/r/1/badanie-osob-studiujacych-na-upjpii.html?tracker365369216&,00:00:21,00:00:08,00:00:04,,00:00:14,,00:00:31,,00:00:05,,00:00:12,,00:00:39,00:00:39,00:00:29,00:00:49,00:01:44,00:00:04,00:00:31,00:00:32,00:00:29,00:00:17,00:00:28,00:00:20,00:00:04
6,398254775,2024-01-15 19:58:18,2024-01-15 20:09:57,00:11:39,00:11:39,Praca socjalna,,Stacjonarne,Pierwszy,Trzeci,,,To jest uczelnia pierwszego wyboru,,Tak,Uniwersytet Pedagogiczny,Tak,7. Wysoka satysfakcja,,2,5,7,Nie jest to dla mnie istotne,7,7,0,0,1,1,0,0,0,0,0,1,0,0,1,1,0,0,0,0,1,0,1,0,0,,Kameralna,Życzliwa,Otwarta na problemy studenta,Mała liczba studentów,Życzliwość wykładowców,Dobra lokalizacja,7,3,3,3,5,5,3,5,2,5,7,7,5,7,7,3,6,4,4,3,1,4,4,1,4,6,7,6,6,4,Kobieta,Myślenice,Miasto do 19 999 mieszkańców,małopolskie,Pracuję na etat (pełny lub część),0,0,0,0,1,0,0,,0,Ma świetną kadrę która przede wszystkim najpierw widzi człowieka a potem studenta,Mobile,,,https://www.webankieta.pl/ankieta/1094006/r/1/badanie-osob-studiujacych-na-upjpii.html?tracker365369231&,00:00:30,00:00:16,00:00:07,00:00:03,,,00:00:11,,00:00:04,00:00:09,00:00:10,,00:00:41,00:00:26,00:00:17,00:00:41,00:00:27,00:00:14,00:02:41,00:00:49,00:01:58,00:00:24,00:00:37,00:00:10,00:00:44
7,398419757,2024-01-16 10:29:05,2024-01-16 10:39:48,00:10:43,00:10:44,Psychologia,,Stacjonarne,Jednolite studia magisterskie,,,Trzeci,To jest uczelnia pierwszego wyboru,,Nie,,Tak,6,,6,6,7,5,5,7,0,0,1,1,0,0,1,1,0,1,0,0,0,0,0,0,0,0,1,0,1,0,0,,otwartość,indywidualność,praktyka,otwartość,indywidualność,praktyka,5,6,6,6,5,7,1,6,7,7,4,7,7,7,7,4,7,7,6,6,6,7,4,5,6,6,Trudno powiedzieć,Trudno powiedzieć,Trudno powiedzieć,Trudno powiedzieć,Mężczyzna,Brenna,Wieś,śląskie,"Wykonuję umowy zlecenia, umowy o dzieło",1,1,1,0,0,0,0,,0,,PC,,,https://www.webankieta.pl/ankieta/1094006/r/1/badanie-osob-studiujacych-na-upjpii.html?tracker365369192&,00:01:04,00:00:22,00:00:15,,,00:00:04,00:00:27,,00:00:06,,00:00:13,,00:00:32,00:00:35,00:00:14,00:03:08,00:00:13,00:00:02,00:00:44,00:00:30,00:01:22,00:00:15,00:00:24,00:00:10,00:00:06
8,398422172,2024-01-16 10:51:54,2024-01-16 11:00:45,00:08:51,00:08:51,Psychologia,,Stacjonarne,Jednolite studia magisterskie,,,Trzeci,Chciałam/chciałem studiować na innej uczelni,Uniwersytet Jagielloński,Tak,Uniwersytet Jagielloński,Tak,5,"Zwiększenie ilości przedmiotów fakultatywnych, dobrowolny wybór specjalności",5,6,7,Nie jest to dla mnie istotne,Trudno powiedzieć,6,0,0,0,0,0,0,1,0,1,1,0,0,0,0,0,0,0,0,0,0,1,0,0,,Kameralność,Przystępność,Otwartość,Kameralność,Dostępność,Odległość od miejsca zamieszkania,5,5,4,6,6,Trudno powiedzieć,5,5,3,7,7,Trudno powiedzieć,7,6,5,2,7,5,6,7,Trudno powiedzieć,7,4,6,5,6,6,6,6,5,Kobieta,Bielsko-Biała,Miasto 100 000-499 999 mieszkańców,śląskie,"Wykonuję umowy zlecenia, umowy o dzieło",0,0,0,0,1,0,0,,0,,Mobile,,,https://lm.facebook.com/,00:00:11,00:00:11,00:00:04,,,00:00:03,00:00:05,00:00:06,00:00:03,00:00:04,00:00:18,00:00:48,00:00:36,00:00:36,00:00:12,00:00:56,00:00:24,00:00:15,00:00:45,00:00:38,00:00:55,00:00:20,00:01:02,00:00:15,00:00:04
9,398422631,2024-01-16 10:55:29,2024-01-16 11:04:02,00:08:33,00:08:33,Psychologia,,Stacjonarne,Jednolite studia magisterskie,,,Trzeci,To jest uczelnia pierwszego wyboru,,Nie,,Tak,6,,5,6,7,6,6,6,0,0,1,0,0,0,0,0,0,1,0,0,1,1,0,0,0,0,1,1,0,0,0,,Kameralna,Kadra praktyków,Dużo dróg rozwoju,Rodzaje specjalności,2 języki obce realizowane podczas studiów,Lokalizacja,7,4,4,7,6,5,1,4,3,5,6,7,7,7,6,3,7,5,6,6,3,3,3,4,6,5,5,6,5,4,Kobieta,Sadki,Wieś,podkarpackie,"Wykonuję umowy zlecenia, umowy o dzieło",0,0,0,0,1,0,0,,0,Jest niedoceniona w środowisku innych uczelni,Mobile,,,http://m.facebook.com/,00:00:16,00:00:15,00:00:03,,,00:00:05,00:00:06,,00:00:04,,00:00:13,,00:00:40,00:00:40,00:00:18,00:00:57,00:00:39,00:00:06,00:01:00,00:00:34,00:00:54,00:00:20,00:00:43,00:00:14,00:00:26
10,398422652,2024-01-16 10:55:33,2024-01-16 11:04:13,00:08:40,00:08:40,Psychologia,,Stacjonarne,Jednolite studia magisterskie,,,Trzeci,To jest uczelnia pierwszego wyboru,,Nie,,Nie,7. Wysoka satysfakcja,,6,6,7,5,6,2,0,0,1,0,0,0,1,1,0,0,0,0,1,1,0,0,0,1,0,0,1,0,0,,Patriotyczna,Otwarta,Tolerancyjna,Otwarta,Tolerancyjna,Bogata w tradycje,6,6,5,7,6,7,2,7,6,6,7,7,6,7,1,3,7,7,7,Trudno powiedzieć,5,6,4,6,7,6,6,7,6,6,Mężczyzna,Kraków,Miasto 500 000 i więcej mieszkańców,małopolskie,"Wykonuję umowy zlecenia, umowy o dzieło",0,0,0,0,1,0,0,,0,,Mobile,,,http://m.facebook.com/,00:00:12,00:00:11,00:00:04,,,00:00:04,00:00:04,,00:00:07,,00:00:10,,00:00:37,00:00:36,00:00:16,00:00:35,00:00:28,00:00:09,00:01:39,00:00:51,00:01:40,00:00:23,00:00:25,00:00:09,00:00:02
11,398422802,2024-01-16 10:57:06,2024-01-16 11:05:07,00:08:01,00:08:01,Psychologia,,Stacjonarne,Jednolite studia magisterskie,,,Trzeci,Chciałam/chciałem studiować na innej uczelni,Uniwersytet Jagielloński,Tak,Politechnika Krakowska,Nie,7. Wysoka satysfakcja,,6,6,Nie jest to dla mnie istotne,5,7,Trudno powiedzieć,0,1,0,1,0,1,1,0,0,1,0,0,0,0,0,0,0,0,1,0,1,0,0,,Kameralna,Indywidualne podejście do studenta,Bardzo duża ilość księży wśród dydaktyków,Oferta edukacyjna,,,Trudno powiedzieć,Trudno powiedzieć,3,7,2,5,3,Trudno powiedzieć,6,6,7,7,6,7,1,3,7,3,6,3,1,7,6,6,1,6,6,7,7,Trudno powiedzieć,Mężczyzna,Kraków,Miasto 500 000 i więcej mieszkańców,małopolskie,Nie pracuję,0,0,1,0,0,0,0,,0,,Mobile,,,https://lm.facebook.com/,00:00:13,00:00:11,00:00:04,,,00:00:06,00:00:04,00:00:07,00:00:04,00:00:14,00:00:09,,00:00:33,00:00:26,00:00:16,00:00:52,00:00:12,00:00:23,00:00:49,00:00:40,00:01:48,00:00:20,00:00:20,00:00:08,00:00:02
12,398422961,2024-01-16 10:56:08,2024-01-16 11:06:24,00:10:16,00:10:16,Psychologia,,Stacjonarne,Jednolite studia magisterskie,,,Trzeci,Chciałam/chciałem studiować na innej uczelni,Uniwersytet Komisji Edukacji Narodowej w Krakowie,Nie,,Tak,3,Mniej przedmiotów związanych z religią oraz mniej przedmiotów filozoficznych.,4,3,7,5,5,4,1,0,0,0,0,0,1,0,1,0,0,0,0,1,0,0,0,0,0,1,0,1,0,,Duze znaczenie religii,Jest to stosunkowo mała uczelnia,,Był na niej kierunek psychologii,,,5,6,5,5,5,4,7,2,6,3,4,3,3,6,3,3,Trudno powiedzieć,4,5,6,5,2,5,2,6,7,5,Trudno powiedzieć,Trudno powiedzieć,5,Kobieta,Rytro,Wieś,małopolskie,"Wykonuję umowy zlecenia, umowy o dzieło",0,0,0,1,0,0,0,,0,,Mobile,,,https://lm.facebook.com/,00:00:43,00:00:12,00:00:07,,,00:00:02,00:00:07,00:00:38,00:00:04,,00:00:21,00:00:42,00:00:51,00:00:34,00:00:25,00:00:57,00:00:17,00:00:06,00:01:02,00:00:54,00:01:01,00:00:25,00:00:34,00:00:12,00:00:02
13,398423339,2024-01-16 10:59:25,2024-01-16 11:10:03,00:10:38,00:10:38,Pedagogika,,Stacjonarne,Pierwszy,Drugi,,,Chciałam/chciałem studiować na innej uczelni,UJ,Nie,,Nie,5,wyższy prestiż,5,6,7,Nie jest to dla mnie istotne,4,4,1,0,0,0,0,0,0,0,1,0,0,0,0,1,0,0,0,0,1,0,0,0,0,,duchowni uczący,wiara,ciekawe zajęcia,pedagogika na wysokim poziomie,kierunek inny niz na innych uczelniach,różne specjalizacje,5,7,6,7,4,5,7,6,4,6,7,7,7,7,5,3,5,6,7,6,5,4,6,4,7,7,7,5,5,4,Kobieta,Nowy Sącz,Miasto do 19 999 mieszkańców,małopolskie,"Wykonuję umowy zlecenia, umowy o dzieło",1,0,1,0,1,0,0,,0,,Mobile,,,https://l.facebook.com/,00:00:34,00:00:08,00:00:05,00:00:03,,,00:00:04,00:00:11,00:00:03,,00:00:22,00:00:49,00:00:45,00:00:24,00:00:15,00:01:49,00:01:28,00:00:04,00:00:40,00:00:41,00:00:36,00:00:21,00:00:53,00:00:19,00:00:04
14,398423435,2024-01-16 10:53:07,2024-01-16 11:10:47,00:17:40,00:17:40,Psychologia,,Stacjonarne,Jednolite studia magisterskie,,,Trzeci,Chciałam/chciałem studiować na innej uczelni,Uniwersytet Adama Mickiewicza,Nie,,Tak,3,"Lepiej dobierać kadrę wykładowców. Pomimo iż jest to uczelnia katolicka, jest to uniwersytet państwowy z punktami ECTS, co świadczy o tym, że należy do europejskiego obszaru szkolnictwa. Nie powinno być dozwolone, aby przedmioty były prowadzone w oparciu o prywatne poglądy wykładających.",1,5,6,Nie jest to dla mnie istotne,1,4,1,0,0,0,0,0,0,0,1,0,0,0,0,0,0,0,1,0,0,0,0,0,0,,Zajęcia odbywane w klasztorze,Małe dofinansowanie,Uniwersytet katolicki,Chęć zobaczenia Krakowa,Ciekawość,Nowe srodowisko,3,6,6,2,1,6,5,5,Trudno powiedzieć,1,2,5,2,2,1,5,7,1,1,4,1,Trudno powiedzieć,7,6,6,7,1,1,Trudno powiedzieć,Trudno powiedzieć,Kobieta,Poznań,Miasto 500 000 i więcej mieszkańców,wielkopolskie,"Wykonuję umowy zlecenia, umowy o dzieło",0,0,0,0,1,0,0,,0,,Mobile,,,http://m.facebook.com/,00:01:06,00:00:17,00:00:08,,,00:00:06,00:00:08,00:00:25,00:00:05,,00:00:42,00:04:12,00:01:18,00:00:36,00:00:26,00:01:22,00:00:45,00:01:09,00:01:12,00:00:50,00:01:02,00:00:28,00:00:54,00:00:24,00:00:05
15,398423612,2024-01-16 11:06:00,2024-01-16 11:12:19,00:06:19,00:06:19,Psychologia,,Stacjonarne,Jednolite studia magisterskie,,,Pierwszy,Chciałam/chciałem studiować na innej uczelni,Uniwersytet Jagielloński,Nie,,Tak,7. Wysoka satysfakcja,,5,6,7,7,5,7,0,0,1,1,0,1,0,0,0,1,0,0,1,0,0,0,0,0,1,0,1,0,0,,Otwartość wykładowców,Różnorodność zajęć,Komunikacja,Prestiż,Późniejsze możliwości na rynku pracy,Ambitność,6,2,2,6,7,4,1,Trudno powiedzieć,2,6,7,7,7,7,5,2,7,5,7,3,7,1,1,5,Trudno powiedzieć,4,5,4,1,3,Kobieta,Pszczyna,Wieś,śląskie,Nie pracuję,1,0,0,0,0,0,0,,0,,Mobile,,,https://lm.facebook.com/,00:00:12,00:00:14,00:00:06,,,00:00:03,00:00:06,00:00:11,00:00:03,,00:00:10,,00:00:33,00:00:25,00:00:13,00:00:32,00:00:31,00:00:04,00:00:44,00:00:41,00:00:37,00:00:19,00:00:26,00:00:06,00:00:03
16,398423915,2024-01-16 11:08:11,2024-01-16 11:15:03,00:06:52,00:06:52,Psychologia,,Stacjonarne,Jednolite studia magisterskie,,,Trzeci,To jest uczelnia pierwszego wyboru,,Nie,,Tak,6,,3,6,7,7,5,3,0,0,1,0,0,1,1,1,0,1,0,0,0,0,0,0,1,0,0,1,0,0,0,,Miła atmosfera,Inna ideologia,Specyficzne miejsce,Dostępność,Przekonania religijne,Wspólnota,2,5,7,5,2,6,6,Trudno powiedzieć,6,1,1,2,1,5,3,7,5,2,6,2,2,6,6,6,7,7,5,3,5,3,Kobieta,,Wieś,podkarpackie,"Wykonuję umowy zlecenia, umowy o dzieło",1,1,1,0,0,0,0,,0,,PC,,,,00:00:16,00:00:09,00:00:07,,,00:00:03,00:00:17,,00:00:06,,00:00:10,,00:00:21,00:00:27,00:00:48,00:00:40,00:01:05,00:00:03,00:00:36,00:00:30,00:00:27,00:00:17,00:00:21,00:00:09,00:00:03
17,398424212,2024-01-16 11:05:33,2024-01-16 11:17:57,00:12:24,00:12:24,Dziennikarstwo i komunikacja społeczna,,Stacjonarne,Pierwszy,Pierwszy,,,To jest uczelnia pierwszego wyboru,,Tak,Katolicki Uniwersytet Lubelski Jana Pawła II w Lublinie,Tak,5,"Możliwe, że to specyfikacja konkretnego kierunku, ale czuję się jakbym nic nie wynosiła z tych studiów, są o niczym konkretnym w sumie.",5,6,6,7,4,Trudno powiedzieć,1,0,0,0,0,0,0,0,1,1,0,0,0,0,0,0,1,0,0,0,0,0,0,,Katolicka,Kameralna,Łatwo się dostać,Łatwo się dostać,W Krakowie,-,3,5,7,4,4,5,6,3,5,7,4,4,3,Trudno powiedzieć,2,6,6,3,4,4,3,5,7,5,6,6,2,4,4,2,Kobieta,Rzeszów,Wieś,podkarpackie,Pracuję na etat (pełny lub część),1,1,1,0,0,0,0,,0,"Porównując z KULem, na którym spędziłam 3 lata, UPJP2 jest bardziej religijny zarówno pod względem startowych tematów zajęć, jak i wypowiedzi wykładowców.",Mobile,,,http://m.facebook.com/,00:00:36,00:00:14,00:00:10,00:00:02,,,00:00:06,,00:00:03,00:00:23,00:00:16,00:01:38,00:00:37,00:00:36,00:00:16,00:00:56,00:00:56,00:00:13,00:00:56,00:00:38,00:00:49,00:00:28,00:00:55,00:00:10,00:01:26
18,398424833,2024-01-16 11:15:41,2024-01-16 11:24:03,00:08:22,00:08:22,Psychologia,,Stacjonarne,Jednolite studia magisterskie,,,Czwarty,Chciałam/chciałem studiować na innej uczelni,Uniwersytet Jagielloński,Nie,,Nie,4,Lepsza organizacja ogólnie studiów i przede wszystkim praktyk,2,5,7,6,2,1,1,0,0,0,0,0,1,0,1,1,0,0,0,1,0,0,1,0,0,0,1,0,0,,Uczy myślenia,Bardzo dobra lokalizacja,Papieska uczelnia,Duże możliwości rozwoju,Prestiż,Bardzo dobra kadra,6,6,7,5,4,5,7,3,5,6,6,7,5,6,1,3,7,2,5,3,5,5,3,4,4,5,2,4,5,6,Kobieta,Kraków,Miasto 500 000 i więcej mieszkańców,małopolskie,Nie pracuję,1,0,0,0,0,0,0,,0,,Mobile,,,https://l.facebook.com/,00:00:43,00:00:10,00:00:06,,,00:00:03,00:00:05,00:00:07,00:00:04,,00:00:14,00:00:31,00:00:44,00:00:22,00:00:13,00:00:57,00:00:37,00:00:11,00:00:43,00:00:39,00:00:41,00:00:25,00:00:32,00:00:12,00:00:03
19,398425214,2024-01-16 11:14:12,2024-01-16 11:27:30,00:13:18,00:13:18,Pedagogika,,Stacjonarne,Pierwszy,Drugi,,,To jest uczelnia pierwszego wyboru,,Nie,,Tak,7. Wysoka satysfakcja,,5,7,7,4,6,Nie jest to dla mnie istotne,1,0,1,0,0,0,1,1,1,0,0,0,0,0,0,0,0,0,1,0,0,1,0,,"Wykwalifikowani, mili, dostępni dla studenta wykładowcy","Duży nacisk na naukę praktyczniej, a nie tylko teoretyczną","Bardzo miła, rodzinna atmosfera uczelni",Wykwalifikowani wykładowcy,Skupienie się na nauce praktycznej,Uczelnia katolicka,5,3,3,6,6,6,2,4,1,5,7,7,6,6,4,1,5,5,6,Trudno powiedzieć,Trudno powiedzieć,1,1,2,5,5,1,1,1,1,Kobieta,Czelatyce,Wieś,podkarpackie,Nie pracuję,0,0,1,0,0,0,0,,0,,Mobile,,,https://l.facebook.com/,00:00:44,00:00:12,00:00:05,00:00:04,,,00:00:08,,00:00:04,,00:00:14,,00:01:14,00:00:35,00:00:22,00:02:57,00:01:42,00:00:03,00:01:19,00:01:01,00:01:18,00:00:22,00:00:29,00:00:10,00:00:15
20,398425289,2024-01-16 11:05:59,2024-01-16 11:28:15,00:22:16,00:22:16,Dziennikarstwo i komunikacja społeczna,,Stacjonarne,Pierwszy,Pierwszy,,,Chciałam/chciałem studiować na innej uczelni,Uniwersytet Komisji Edukacji Narodowej w Krakowie,Nie,,Tak,6,,5,7,7,Nie jest to dla mnie istotne,Trudno powiedzieć,Trudno powiedzieć,1,0,0,1,0,0,1,0,1,0,0,0,0,1,0,0,0,0,0,0,1,1,0,,kreatywnosc,otwartosc,wiara,kreatywnosc,pracowitosc,komfort,6,Trudno powiedzieć,Trudno powiedzieć,7,7,6,1,7,Trudno powiedzieć,7,7,7,7,7,7,2,7,7,6,Trudno powiedzieć,Trudno powiedzieć,Trudno powiedzieć,Trudno powiedzieć,Trudno powiedzieć,7,7,3,Trudno powiedzieć,7,Trudno powiedzieć,Kobieta,Rzeszow okolice,Wieś,podkarpackie,Wolę nie odpowiadać,0,0,0,0,1,1,0,,0,indywidualne podejscie wykladowcow do studentow,Mobile,,,http://m.facebook.com/,00:00:51,00:00:16,00:00:07,00:00:04,,,00:00:09,00:00:54,00:00:06,,00:00:53,,00:03:23,00:01:53,00:00:44,00:05:38,00:01:06,00:00:13,00:01:29,00:00:47,00:00:55,00:00:32,00:01:13,00:00:30,00:00:33
21,398425433,2024-01-16 11:02:12,2024-01-16 11:29:22,00:27:10,00:27:10,Pedagogika,,Stacjonarne,Pierwszy,Drugi,,,To jest uczelnia pierwszego wyboru,,Nie,,Tak,7. Wysoka satysfakcja,,4,7,6,Nie jest to dla mnie istotne,7,Nie jest to dla mnie istotne,1,0,0,0,0,1,1,0,1,0,0,0,0,0,0,0,1,0,0,0,0,1,0,,Praktyczna,Wspólnotowa,Wspomagająca,Lokalizacja,Praktyczne kierunki,Otwartość,5,Trudno powiedzieć,5,6,6,7,6,7,6,6,6,7,4,6,3,3,5,5,6,2,3,6,3,5,7,6,4,Trudno powiedzieć,4,5,Kobieta,Słona,Wieś,małopolskie,"Wykonuję umowy zlecenia, umowy o dzieło",1,0,1,0,0,0,0,,0,,Mobile,,,,00:15:34,00:00:12,00:00:06,00:00:05,,,00:00:09,,00:00:05,,00:00:15,,00:01:13,00:00:55,00:00:56,00:01:04,00:00:39,00:00:33,00:01:08,00:01:04,00:01:04,00:00:32,00:01:15,00:00:15,00:00:06
22,398426393,2024-01-16 11:21:15,2024-01-16 11:37:19,00:16:04,00:16:04,Pedagogika,,Stacjonarne,Pierwszy,Drugi,,,To jest uczelnia pierwszego wyboru,,Nie,,Tak,6,,4,5,6,7,7,Nie jest to dla mnie istotne,1,0,1,0,0,0,1,0,0,0,0,0,1,0,0,0,0,0,1,0,1,0,0,,dobra organizacja zajęć,"życzliwość wykładowców, chęć pomocy studentom",wiele możliwości do rozwoju,kierunki studiów,katolicka uczelnia,adres uczelni,6,3,5,7,6,7,5,6,Trudno powiedzieć,7,7,Trudno powiedzieć,Trudno powiedzieć,6,5,4,6,5,6,2,2,4,3,5,7,7,5,6,Trudno powiedzieć,Trudno powiedzieć,Kobieta,Jarosław,Miasto 20 000-99 999 mieszkańców,podkarpackie,Pracuję na etat (pełny lub część),0,1,0,0,0,0,0,,0,,Mobile,,,,00:00:12,00:00:12,00:00:12,00:00:03,,,00:00:08,,00:00:05,,00:00:21,,00:01:12,00:00:46,00:00:23,00:01:32,00:01:44,00:00:06,00:01:11,00:00:50,00:05:11,00:00:34,00:00:59,00:00:19,00:00:04
23,398428571,2024-01-16 11:47:03,2024-01-16 11:58:09,00:11:06,00:11:06,Psychologia,,Stacjonarne,Jednolite studia magisterskie,,,Pierwszy,Chciałam/chciałem studiować na innej uczelni,Uniwersytet Komisji Edukacji Narodowej w Krakowie,Tak,Uniwersytet Komisji Edukacji Narodowej w Krakowie,Nie,3,"Pomimo tego, że wiem, iż jest to uczelnia katolicka, to chciałabym, aby kierunek jakim jest psychologia był kierunkiem świeckim. Aby badania prezentowane nam były nowsze niż te z 198x lub 199x roku. Zarówno technologia jak i nauka poszły znacznie do przodu a uczenie się tylko o tradycyjnym modelu rodziny  i negowanie innych postaw niż te niekatolickie lub nawet nie pokazywanie ich jest ogromnym błędem, ponieważ zamykając się na tak wąskie spektrum możliwości, to jak będziemy mogli później pracować z innym człowiekiem, nie znając nowych sposobów leczenia itd.",2,1,3,Nie jest to dla mnie istotne,1,1,1,0,0,0,0,0,0,0,1,0,0,0,0,1,0,0,1,1,0,0,0,0,0,,wiara,archaiczność,kameralna,kierunek,lokalizacja,języki obce,1,6,7,1,1,4,6,2,1,1,2,Trudno powiedzieć,2,Trudno powiedzieć,2,6,5,1,Trudno powiedzieć,Trudno powiedzieć,2,Trudno powiedzieć,6,2,4,5,2,1,2,Trudno powiedzieć,Kobieta,Lubień,Wieś,małopolskie,"Wykonuję umowy zlecenia, umowy o dzieło",0,0,0,0,0,0,0,,1,,PC,,,,00:00:13,00:00:11,00:00:05,,,00:00:03,00:00:03,00:00:17,00:00:03,00:00:05,00:00:10,00:02:35,00:00:38,00:00:28,00:00:30,00:01:02,00:01:01,00:00:19,00:00:53,00:00:41,00:00:46,00:00:23,00:00:30,00:00:05,00:00:05
24,398430674,2024-01-16 11:01:18,2024-01-16 12:19:58,01:18:40,01:18:40,Psychologia,,Stacjonarne,Jednolite studia magisterskie,,,Trzeci,Chciałam/chciałem studiować na innej uczelni,Uniwersytet Jagieloński,Nie,,Tak,5,"Mniej przedmiotów filozoficznych, trudniejsze warunki zaliczenia/większy przesiew, ale nie z przedmiotów pokroju „przedsiębiorczość”, ale np. psychopatologia",3,6,7,Trudno powiedzieć,6,2,1,0,0,0,0,1,0,0,1,1,0,0,0,0,0,0,0,0,1,0,0,1,0,,Prostudencki,Dobrze przygotowuje z przedmiotów statystycznych,Kameralny,Ciekawe kierunki,Jest w Krakowie,,7,1,5,7,4,5,5,Trudno powiedzieć,5,4,7,7,7,7,3,2,5,4,6,6,7,5,6,5,Trudno powiedzieć,7,4,4,Trudno powiedzieć,7,Kobieta,Kęty,Miasto do 19 999 mieszkańców,małopolskie,Pracuję na etat (pełny lub część),1,1,1,0,0,0,0,,0,"Minusem są osoby, które prowadzą zajęcia, ale nie potrafią nie radykalizować swoich opinii, co często jest odrzucające i budujące niechęć między studentami a możliwością dostrzeżenia realnych kompetencji takiego wykładowcy.",Mobile,,,,00:59:49,00:00:10,00:00:05,,,00:00:04,00:00:03,00:00:20,00:00:04,,00:02:59,00:00:53,00:01:09,00:00:59,00:00:36,00:01:50,00:01:26,00:00:16,00:01:37,00:01:18,00:00:54,00:00:25,00:01:04,00:00:13,00:02:26
25,398432339,2024-01-16 12:27:02,2024-01-16 12:35:49,00:08:47,00:08:47,Psychologia,,Stacjonarne,Jednolite studia magisterskie,,,Trzeci,To jest uczelnia pierwszego wyboru,,Tak,Uniwersytet Jagielloński,Tak,7. Wysoka satysfakcja,,4,6,6,6,4,5,0,0,0,1,0,0,1,0,0,1,0,0,1,1,0,0,0,1,0,0,1,0,0,,Kameralna,Partnerstwo w relacji,Otwartość,Kadra,Partnerskie relacje,Podejście do studenta,4,2,2,6,5,6,2,3,5,6,6,6,6,4,4,2,6,4,5,Trudno powiedzieć,2,4,2,5,5,5,5,5,Trudno powiedzieć,3,Kobieta,Obok Wrocławia,Wieś,dolnośląskie,"Wykonuję umowy zlecenia, umowy o dzieło",1,1,1,0,0,0,0,,0,,Mobile,,,https://lm.facebook.com/,00:00:35,00:00:15,00:00:04,,,00:00:04,00:00:05,,00:00:05,00:00:10,00:00:11,,00:00:54,00:00:42,00:00:17,00:00:30,00:00:40,00:00:07,00:00:58,00:00:50,00:00:44,00:00:24,00:00:53,00:00:15,00:00:04
26,398441564,2024-01-16 13:57:41,2024-01-16 14:06:29,00:08:48,00:08:48,Psychologia,,Stacjonarne,Jednolite studia magisterskie,,,Pierwszy,Chciałam/chciałem studiować na innej uczelni,uniwersytet jagiellonski,Nie,,Tak,4,"budynki wygladaja okropnie, bez atmosfery do nauki i przez nazwe uczelni czuje czasami, ze moge byc traktowany nie fair w rekrutacjach do pracy przyszlych. duza polaryzacja panuje w spoleczenstwie na temat kosciola oraz papieza.",2,3,6,Nie jest to dla mnie istotne,Trudno powiedzieć,2,1,0,0,0,0,0,0,0,1,1,0,0,0,0,0,0,1,0,0,0,0,0,1,"niski poziom, religia, afery koscielne",religia,,,"albo top uczelnia albo taka, na którą na pewno mnie wezma bo rekrutacje nie sa tanie zeby wysylac w duzo miejsc",,,2,5,6,Trudno powiedzieć,Trudno powiedzieć,6,7,Trudno powiedzieć,Trudno powiedzieć,6,Trudno powiedzieć,Trudno powiedzieć,Trudno powiedzieć,5,Trudno powiedzieć,7,6,2,4,5,3,2,3,1,Trudno powiedzieć,4,Trudno powiedzieć,Trudno powiedzieć,5,5,Mężczyzna,Skawina,Miasto 20 000-99 999 mieszkańców,warmińsko-mazurskie,Nie pracuję,0,0,1,0,1,0,0,,0,,Mobile,,,http://m.facebook.com/,00:00:15,00:00:09,00:00:05,,,00:00:05,00:00:04,00:00:08,00:00:05,,00:00:16,00:01:23,00:00:34,00:00:37,00:00:56,00:00:15,00:00:36,00:00:14,00:00:42,00:00:41,00:00:38,00:00:20,00:00:26,00:00:15,00:00:04
27,398441900,2024-01-16 13:50:14,2024-01-16 14:09:28,00:19:14,00:19:14,Turystyka i zarządzanie dziedzictwem,,Stacjonarne,Drugi,,Drugi,,Chciałam/chciałem studiować na innej uczelni,Uniwersytet Jagielloński,Nie,,Tak,4,Mała integracja z innymi rocznikami. Niektóre sale nie są w pełni dostosowane do warunków studiów.,5,5,5,Trudno powiedzieć,6,Trudno powiedzieć,0,0,0,0,0,1,0,0,1,1,0,0,0,0,0,0,0,0,0,1,0,0,0,,Kameralna,Mała,Oryginalna,Różnorodność kierunków,Lokalizacja uczelni,Wiarygodność,4,5,6,4,4,7,7,Trudno powiedzieć,6,6,Trudno powiedzieć,7,6,5,4,4,7,2,6,5,4,4,5,5,7,7,4,4,3,Trudno powiedzieć,Kobieta,Sandomierz,Miasto 20 000-99 999 mieszkańców,świętokrzyskie,"Wykonuję umowy zlecenia, umowy o dzieło",0,0,1,0,0,0,0,,0,,Mobile,,,,00:00:11,00:00:11,00:00:13,,00:00:07,,00:00:08,00:00:38,00:00:04,,00:00:30,00:01:40,00:01:10,00:00:59,00:00:29,00:00:35,00:01:21,00:00:09,00:07:17,00:01:05,00:01:00,00:00:27,00:00:36,00:00:19,00:00:05
28,398446757,2024-01-16 13:34:00,2024-01-16 14:58:30,01:24:30,01:24:30,Psychologia,,Stacjonarne,Jednolite studia magisterskie,,,Drugi,Chciałam/chciałem studiować na innej uczelni,Uniwersytet Pedagogiczny,Nie,,Tak,5,"Niektórzy z prowadzących powinni być bardziej obiektywni (dotyczy to 1-2 prowadzących) i nie przekazywać swoich subiektywnych poglądów, deklarując ich nieomylność",7,6,7,Nie jest to dla mnie istotne,7,7,1,0,0,0,1,0,1,0,0,0,0,0,0,1,0,0,0,0,1,0,1,0,0,,Wolność słowa (w większości),Przyjazne nastawienie prowadzących,zaangażowanie w przekazywanie wiedzy,skoncentrowanie na studencie,dostępność miejsc do studiowania,nie wiem,7,3,2,7,7,Trudno powiedzieć,4,Trudno powiedzieć,1,7,7,Trudno powiedzieć,7,7,7,1,Trudno powiedzieć,7,7,6,1,1,Trudno powiedzieć,Trudno powiedzieć,Trudno powiedzieć,7,Trudno powiedzieć,Trudno powiedzieć,Trudno powiedzieć,Trudno powiedzieć,Kobieta,Stalowa Wola,Miasto 20 000-99 999 mieszkańców,podkarpackie,"Wykonuję umowy zlecenia, umowy o dzieło",0,0,0,0,1,0,0,,0,"Wbrew pozorom i opinii innych najbardziej skrajne poglądy i chęć ich wpajania studentów maja pracownicy świeccy, lecz są to pojedyncze przypadki",Mobile,,,http://m.facebook.com/,01:09:35,00:00:15,00:00:06,,,00:00:04,00:00:06,00:00:24,00:00:06,,00:00:17,00:02:03,00:00:54,00:01:00,00:00:41,00:01:10,00:01:47,00:00:26,00:01:14,00:00:56,00:01:00,00:00:26,00:00:47,00:00:12,00:01:01
29,398451464,2024-01-16 15:33:13,2024-01-16 15:46:11,00:12:58,00:12:58,"Komunikowanie promocyjno-wizerunkowe - reklama, branding, public relations",,Stacjonarne,Drugi,,Pierwszy,,Chciałam/chciałem studiować na innej uczelni,Uniwersytet Ekonomiczny w Krakowie,Nie,,Tak,4,"Trochę nie wiem co myśleć w tym temacie, ponieważ zdecydowałam się na studiowanie na UPJP2 z pełną odpowiedzialnością i wiedzą odnośnie tego, że jest to uczelnia katolicka, jednak nie podoba mi się to, że zaliczenia z przedmiotów ""religijnych"", które paradoksalnie nigdy nam się nie przydadzą są w formie egzaminów czy odpowiedzi ustnych. Według mnie powinno wyglądać to na zasadzie projektu lub eseju, czegoś co nie zajmie nam dużo czasu na przygotowanie się. Bardziej zleży nam na przedmiotach ściśle związanych z tematyką kierunku.",3,4,7,Nie jest to dla mnie istotne,Nie jest to dla mnie istotne,Trudno powiedzieć,1,0,0,0,0,0,0,0,1,1,0,0,0,0,0,0,1,0,0,0,0,1,0,,Bardzo miłe i dobre podejście do studentów,"Nowoczesne/nowatorskie i interesujące, zgodne z aktualnymi trendami kierunki",Kameralność,"Zachęcający nowootwarty kierunek ""Digital Media""","Szczerze tylko powyższe, w owym czasie szukałam po prostu interesującego mnie kierunku, nie zwracałam aż tak bardzo uwagi na uczelnię",/,6,Trudno powiedzieć,2,5,Trudno powiedzieć,Trudno powiedzieć,7,Trudno powiedzieć,4,5,7,Trudno powiedzieć,7,7,Trudno powiedzieć,4,7,4,6,1,Trudno powiedzieć,Trudno powiedzieć,7,Trudno powiedzieć,Trudno powiedzieć,7,1,Trudno powiedzieć,Trudno powiedzieć,Trudno powiedzieć,Kobieta,Wadowice,Miasto 20 000-99 999 mieszkańców,małopolskie,"Wykonuję umowy zlecenia, umowy o dzieło",0,0,0,0,1,0,0,,0,,PC,,,https://l.messenger.com/,00:00:04,00:00:11,00:00:04,,00:00:03,,00:00:06,00:00:13,00:00:04,,00:00:18,00:03:46,00:00:32,00:00:42,00:00:25,00:01:05,00:01:41,00:00:05,00:00:53,00:00:57,00:00:32,00:00:16,00:00:33,00:00:18,00:00:10
30,398454788,2024-01-16 16:09:24,2024-01-16 16:24:46,00:15:22,00:15:22,Dziennikarstwo i komunikacja społeczna,,Stacjonarne,Pierwszy,Pierwszy,,,To jest uczelnia pierwszego wyboru,,Nie,,Tak,5,Nic,5,6,7,Trudno powiedzieć,Trudno powiedzieć,Nie jest to dla mnie istotne,0,0,0,1,0,0,1,0,0,1,0,0,0,0,0,0,0,0,1,0,1,0,0,,Nie mam porównania,,,Kameralność,Dobra oferta naukowa,Kontakty międzyludzkie,6,6,5,5,Trudno powiedzieć,Trudno powiedzieć,2,Trudno powiedzieć,Trudno powiedzieć,7,7,7,6,7,Trudno powiedzieć,5,7,7,6,Trudno powiedzieć,Trudno powiedzieć,7,6,7,Trudno powiedzieć,6,6,7,7,Trudno powiedzieć,Mężczyzna,Słomiróg,Wieś,małopolskie,Nie pracuję,1,0,1,0,0,0,0,,0,,Mobile,,,https://lm.facebook.com/,00:00:45,00:00:13,00:00:14,00:00:03,,,00:00:05,,00:00:36,,00:00:27,00:00:44,00:00:51,00:00:48,00:00:22,00:00:21,00:00:51,00:00:14,00:02:16,00:02:32,00:01:39,00:01:14,00:00:26,00:00:14,00:00:27
31,398454902,2024-01-16 16:11:48,2024-01-16 16:26:05,00:14:17,00:14:17,Psychologia,,Stacjonarne,Jednolite studia magisterskie,,,Pierwszy,To jest uczelnia pierwszego wyboru,,Nie,,Tak,6,,2,4,7,6,5,Trudno powiedzieć,1,0,0,0,0,0,0,0,1,1,0,0,0,0,0,0,1,0,0,0,1,0,0,,Bardzo życzliwy stosunek wykładowców do studentów.,"To uczelnia katolicka, która pozwala rozwinąć się w swojej wierze, ale zarazem nie narzuca jej nikomu.",Duża ilość praktyk na kierunku psychologia.,Kameralna uczelnia,Duża ilość praktyk na psychologii,Uczelnia w Krakowie,4,5,6,Trudno powiedzieć,3,7,6,6,7,5,6,6,4,7,3,4,7,5,6,Trudno powiedzieć,2,5,4,Trudno powiedzieć,5,7,3,Trudno powiedzieć,Trudno powiedzieć,7,Kobieta,Tworków,Wieś,śląskie,Nie pracuję,1,1,1,0,0,0,0,,0,,Mobile,,,https://lm.facebook.com/,00:02:12,00:00:18,00:00:07,,,00:00:03,00:00:05,,00:00:05,,00:00:11,,00:01:13,00:00:38,00:00:29,00:02:29,00:00:42,00:01:03,00:00:52,00:01:06,00:01:06,00:00:42,00:00:37,00:00:15,00:00:04
32,398459156,2024-01-16 17:11:40,2024-01-16 17:19:06,00:07:26,00:07:26,"Digital media - kreatywność, analiza, zarządzanie",,Stacjonarne,Pierwszy,Drugi,,,Chciałam/chciałem studiować na innej uczelni,Uniwersytet Śląski w Katowicach,Nie,,Tak,7. Wysoka satysfakcja,,1,7,7,Nie jest to dla mnie istotne,Trudno powiedzieć,Nie jest to dla mnie istotne,1,0,0,0,0,0,0,0,0,0,0,0,0,0,0,0,0,0,0,0,0,1,1,Uważam ze ludzie z mojego otoczenia traktują mnie gorzej przez to że studiuje na upjp2,Pani Anna Teler,kontakt i chęć pomocy ze strony sekretariatu,biuro karier i trafne oferty,miejsce - chcialam slask,dojazd,czy uczelnia jest darmowa,3,5,Trudno powiedzieć,4,4,2,6,Trudno powiedzieć,1,6,Trudno powiedzieć,6,6,Trudno powiedzieć,Trudno powiedzieć,Trudno powiedzieć,Trudno powiedzieć,1,4,Trudno powiedzieć,Trudno powiedzieć,6,6,Trudno powiedzieć,1,3,1,4,Trudno powiedzieć,Trudno powiedzieć,Kobieta,Wadowice,Miasto do 19 999 mieszkańców,małopolskie,"Wykonuję umowy zlecenia, umowy o dzieło",0,0,0,1,0,1,0,,0,"Myśle ze uczelnia powinna zainwestowac w lepsze komputery, myszki w salach komputerowych na zajeciach graficznych sa nie do pracy musimy przynosic wlasne, powinna byc wieksza swoboda w egzaminach i zajeciach zdalnych",PC,,,https://l.messenger.com/,00:00:06,00:00:04,00:00:05,00:00:03,,,00:00:03,00:00:11,00:00:04,,00:00:08,,00:00:31,00:00:21,00:00:45,00:00:53,00:00:24,00:00:02,00:00:33,00:00:30,00:00:31,00:00:20,00:00:22,00:00:11,00:01:19
33,398459435,2024-01-16 17:13:19,2024-01-16 17:22:06,00:08:47,00:08:47,"Digital media - kreatywność, analiza, zarządzanie",,Stacjonarne,Pierwszy,Drugi,,,To jest uczelnia pierwszego wyboru,,Tak,Akademia Pedagogiczna im. KEN w Krakowie,Nie,6,,5,6,7,Nie jest to dla mnie istotne,7,6,1,0,0,0,0,0,0,1,0,1,0,0,0,0,0,0,0,0,1,0,1,0,0,,"kameralna, mimo ze nie jest prywatna",przyjazna dla studenta,,kierunek niedostepny na innych uczelniach,kameralność,budynki dydaktyczne w centrum miasta,6,4,4,5,5,5,6,5,6,6,6,5,7,7,5,2,6,6,6,6,4,2,2,2,1,4,6,7,6,5,Kobieta,Krakóww,Miasto 500 000 i więcej mieszkańców,małopolskie,Wolę nie odpowiadać,0,0,0,0,1,1,0,,0,,PC,,,,00:00:05,00:00:08,00:00:05,00:00:03,,,00:00:06,,00:00:03,00:00:20,00:00:11,,00:00:37,00:00:45,00:00:22,00:00:37,00:01:27,00:00:09,00:00:51,00:00:41,00:00:49,00:00:20,00:00:21,00:00:45,00:00:02
34,398460137,2024-01-16 17:12:23,2024-01-16 17:30:38,00:18:15,00:18:15,"Digital media - kreatywność, analiza, zarządzanie",,Stacjonarne,Pierwszy,Drugi,,,To jest uczelnia pierwszego wyboru,,Nie,,Tak,5,"Więcej skupienia na przedmiotach ściśle związanych z kierunkiem, lepsze dopasowanie sali oferowanych przez uczelnie do przedmiotu, więcej zajęć technicznych niż teoretycznych.",6,5,6,4,5,6,1,0,0,0,0,0,1,0,1,0,0,0,0,0,0,0,0,0,1,0,1,0,0,,Ludzka,Zrzeszająca,Katolicka,Mała,Nowoczesna,Otwarta,6,4,6,6,5,Trudno powiedzieć,4,6,Trudno powiedzieć,4,3,5,5,6,6,6,Trudno powiedzieć,5,6,Trudno powiedzieć,4,5,6,4,6,7,1,5,6,7,Kobieta,Pilzno,Miasto do 19 999 mieszkańców,podkarpackie,Pracuję na etat (pełny lub część),1,0,0,0,0,0,0,,0,"Dużo wykładowców/ profesorów posiada niesamowitą wiedzę w zakresie digital media, niestety jednak również trafili się profesorzy (księża), którzy według opinii wielu osób z roku prezentowali katolicyzm w sposób odpychający. Przedmioty łączące kościół z mediami niejednokrotnie przekształcały się w lekcję religii lub wykład prawa katolickiego. Jako katolik uczęszczający na katolicką uczelnie nawet personalnie czułam się coraz bardziej zniechęcona do Kościoła. Przedmioty ściśle związane z kierunkiem są prowadzone w większości bardzo dobrze, zachęcają do dalszej nauki i poszerzają dotychczasową wiedzę.",PC,,,https://l.facebook.com/,00:00:09,00:00:07,00:00:10,00:00:03,,,00:00:07,,00:00:05,,00:00:12,00:01:58,00:00:54,00:00:45,00:00:23,00:00:48,00:00:33,00:00:37,00:01:11,00:00:57,00:00:53,00:00:37,00:00:28,00:00:09,00:07:09
35,398460821,2024-01-16 17:23:36,2024-01-16 17:39:04,00:15:28,00:15:28,Dziennikarstwo i komunikacja społeczna spec. communication and media studies,,Stacjonarne,Pierwszy,Pierwszy,,,Chciałam/chciałem studiować na innej uczelni,Uniwersytet Jagielloński,Nie,,Tak,6,,5,6,7,Nie jest to dla mnie istotne,Trudno powiedzieć,Trudno powiedzieć,1,0,0,0,0,1,0,0,1,0,0,1,1,0,0,0,0,0,0,1,0,0,0,,życzliwość wykładowców,,,kierunek studiow,,,4,7,7,4,Trudno powiedzieć,Trudno powiedzieć,7,Trudno powiedzieć,Trudno powiedzieć,1,4,5,7,7,5,7,7,Trudno powiedzieć,7,Trudno powiedzieć,1,5,7,6,6,7,3,3,7,Trudno powiedzieć,Kobieta,Ostrów Wielkopolski,Miasto 20 000-99 999 mieszkańców,wielkopolskie,Nie pracuję,0,0,0,1,0,0,0,,0,,PC,,,https://l.facebook.com/,00:02:07,00:00:10,00:00:10,00:00:04,,,00:00:15,00:00:26,00:00:07,,00:00:19,,00:00:54,00:00:50,00:00:28,00:01:16,00:00:47,00:00:03,00:01:24,00:01:33,00:02:09,00:00:58,00:01:02,00:00:22,00:00:04
36,398461718,2024-01-16 17:33:38,2024-01-16 17:51:58,00:18:20,00:18:20,"Digital media - kreatywność, analiza, zarządzanie",,Stacjonarne,Pierwszy,Drugi,,,To jest uczelnia pierwszego wyboru,,Nie,,Tak,7. Wysoka satysfakcja,,5,6,7,Nie jest to dla mnie istotne,5,Trudno powiedzieć,1,0,0,0,0,0,0,0,0,1,0,0,0,0,0,0,0,0,0,0,0,0,1,Prostudencka atmosfera,Indywidualne podejście do studenta,Bardzo dobra atmosfera,,Posiadała kierunek w obrębie moich zainteresowań,Prostudencka atmosfera,Koła naukowe,5,4,7,6,Trudno powiedzieć,Trudno powiedzieć,2,Trudno powiedzieć,Trudno powiedzieć,6,7,Trudno powiedzieć,6,6,Trudno powiedzieć,Trudno powiedzieć,Trudno powiedzieć,5,7,2,Trudno powiedzieć,Trudno powiedzieć,3,6,Trudno powiedzieć,6,1,Trudno powiedzieć,1,Trudno powiedzieć,Kobieta,Rybnik,Miasto 100 000-499 999 mieszkańców,śląskie,Nie pracuję,0,0,1,0,0,0,0,,0,,Mobile,,,http://m.facebook.com/,00:00:50,00:00:15,00:00:07,00:00:04,,,00:00:23,,00:00:04,,00:00:16,,00:01:57,00:01:05,00:01:23,00:02:55,00:01:28,00:00:23,00:01:39,00:01:17,00:01:42,00:00:34,00:01:15,00:00:16,00:00:27
37,398465354,2024-01-16 18:38:29,2024-01-16 18:44:27,00:05:58,00:05:58,Teologia,,Stacjonarne,Jednolite studia magisterskie,,,Pierwszy,To jest uczelnia pierwszego wyboru,,Nie,,Tak,3,Mniejszy stres związany z sesją. bardziej rozłożone w czasie zaliczenia,4,6,6,Trudno powiedzieć,Nie jest to dla mnie istotne,Nie jest to dla mnie istotne,1,0,0,0,0,0,0,0,0,0,0,0,0,0,0,0,1,0,0,0,0,0,0,,Katolicka,Stara,Kameralna,Papieska,w Krakowie,dobra kadra,4,5,6,3,2,5,6,5,6,2,2,Trudno powiedzieć,Trudno powiedzieć,5,Trudno powiedzieć,5,5,2,5,Trudno powiedzieć,2,6,7,5,6,7,2,Trudno powiedzieć,6,Trudno powiedzieć,Wolę nie podawać,,Miasto 500 000 i więcej mieszkańców,lubuskie,Wolę nie odpowiadać,1,1,1,0,0,0,0,,0,,PC,,,,00:00:08,00:00:05,00:00:04,,,00:00:02,00:00:03,,00:00:02,,00:00:11,00:00:35,00:00:30,00:00:23,00:00:09,00:00:49,00:00:25,00:00:11,00:00:30,00:00:30,00:00:30,00:00:14,00:00:24,00:00:11,00:00:01
38,398465423,2024-01-16 17:53:04,2024-01-16 18:46:08,00:53:04,00:53:04,Teologia,,Stacjonarne,Jednolite studia magisterskie,,,Pierwszy,To jest uczelnia pierwszego wyboru,,Nie,,Tak,7. Wysoka satysfakcja,,Trudno powiedzieć,7,7,7,7,Nie jest to dla mnie istotne,1,0,0,1,0,0,1,1,0,0,0,0,1,0,0,0,1,0,0,0,0,1,0,,Wspólnotowa,Duchowa,"Nastawiona na człowieka, dla człowieka","Kierunek, niedostępny w mojej okolicy","Miejsce, tj. miasto; sympatia do osób które tu mieszkają",,5,4,7,Trudno powiedzieć,Trudno powiedzieć,7,7,7,7,5,6,7,6,6,Trudno powiedzieć,7,6,4,7,Trudno powiedzieć,Trudno powiedzieć,2,5,2,Trudno powiedzieć,7,1,Trudno powiedzieć,3,Trudno powiedzieć,Mężczyzna,Rumia,Miasto 20 000-99 999 mieszkańców,pomorskie,Nie pracuję,1,1,1,0,0,0,0,,0,,PC,,,https://l.facebook.com/,00:00:29,00:00:13,00:00:06,,,00:00:03,00:00:08,,00:00:04,,00:00:29,,00:03:48,00:08:51,00:04:47,00:05:48,00:10:20,00:00:22,00:09:48,00:02:58,00:01:51,00:01:12,00:00:42,00:00:54,00:00:11
39,398467088,2024-01-16 12:47:13,2024-01-16 19:10:45,06:23:32,06:23:32,"Archiwistyka, zarządzanie dokumentacją i infobrokerstwo",,Stacjonarne,Pierwszy,Trzeci,,Trzeci,To jest uczelnia pierwszego wyboru,,Nie,,Tak,4,"Mniej okienek, elastyczniejszy plan zajęć, ćwiczenia które wyglądają inaczej niż plan zajęć, większość praktyk powinna być płatna",Trudno powiedzieć,5,3,3,4,Nie jest to dla mnie istotne,1,0,0,0,0,0,0,0,0,0,0,0,0,0,1,0,1,0,0,0,0,1,0,,Kontakt między studentami z różnych wydziałów,Łatwo poznać dużą część studentów,Szczególna dyscyplina wśród wykładowców,Kościelny charakter uczelni,Przyjazna atmosfera,,3,5,6,5,3,5,6,5,7,3,5,6,6,6,3,4,5,2,7,3,Trudno powiedzieć,7,5,6,2,2,3,Trudno powiedzieć,3,Trudno powiedzieć,Mężczyzna,Sułów,Wieś,małopolskie,Nie pracuję,1,1,1,0,0,0,0,,0,"Zarówno w kadrach, jak i wśród studentów jest bardzo rodzinna atmosfera. To na plus.
Spotkałem się z opinią, że przed COVID-em miała więcej inicjatyw, w co wierzę.",Mobile,,,http://m.facebook.com/,05:52:15,00:00:04,00:00:18,00:00:02,,,00:00:02,,00:00:02,,00:00:10,00:00:13,00:00:33,00:01:15,00:02:46,00:05:39,00:02:32,00:00:14,00:02:16,00:02:38,00:01:48,00:00:37,00:00:31,00:01:24,00:10:39
40,398470871,2024-01-16 20:04:41,2024-01-16 20:12:15,00:07:34,00:07:34,"Digital media - kreatywność, analiza, zarządzanie",,Stacjonarne,Pierwszy,Drugi,,,Chciałam/chciałem studiować na innej uczelni,Uniwersytet Jagielloński,Nie,,Tak,3,kampus,3,3,5,Nie jest to dla mnie istotne,Trudno powiedzieć,Nie jest to dla mnie istotne,1,0,0,0,0,0,0,0,1,0,0,0,0,0,0,0,1,0,0,0,0,0,0,,nic,:(,:(,uznawanie matury podstawowej,?,?,Trudno powiedzieć,4,5,4,Trudno powiedzieć,5,6,Trudno powiedzieć,5,3,Trudno powiedzieć,Trudno powiedzieć,2,4,Trudno powiedzieć,5,Trudno powiedzieć,2,Trudno powiedzieć,Trudno powiedzieć,Trudno powiedzieć,6,7,5,Trudno powiedzieć,5,3,Trudno powiedzieć,Trudno powiedzieć,Trudno powiedzieć,Mężczyzna,,Wieś,podkarpackie,Nie pracuję,1,0,0,0,0,0,1,,0,,PC,,,,00:00:09,00:00:05,00:00:04,00:00:02,,,00:00:02,00:00:18,00:00:09,,00:00:07,00:00:37,00:00:37,00:00:17,00:00:15,00:02:09,00:00:24,00:00:03,00:00:26,00:00:33,00:00:22,00:00:12,00:00:16,00:00:24,00:00:03
41,398480318,2024-01-16 22:18:12,2024-01-16 23:28:07,01:09:55,01:09:55,Historia,,Stacjonarne,Pierwszy,Trzeci,,,To jest uczelnia pierwszego wyboru,,Tak,Uniwersytet Jagielloński,Tak,7. Wysoka satysfakcja,,5,7,7,Nie jest to dla mnie istotne,Nie jest to dla mnie istotne,7,0,0,0,1,0,0,1,1,0,1,0,0,1,0,0,0,0,0,1,0,1,0,0,,Uczelnia przyjazna studentom- każdy ma zapewnione indywidualne podejście i może liczyć na szacunek,Miejsce sprzyjające nawiązywaniu wartościowych kontaktów towarzyskich i naukowych,Dobra przestrzeń do dyskusji i tolerancja wobec różnorodnych poglądów,"Chęć ucieczki od niezwykle przykrego doświadczenia studiowania na UJ i spróbowania ciekawszych niż zarządzanie informacją studiów, w miejscu bardziej przyjaznym studentom i oferującym możliwość poznania ludzi o różnorodnych, a nie tylko skrajnie lewicowych poglądach",Możliwość studiowania historii bez posiadania matury rozszerzonej z tego przedmiotu,Lokalizacja umożliwiająca mi powrót na weekendy do domu,7,5,5,6,7,7,4,7,3,7,7,7,7,7,7,4,7,5,7,3,7,7,3,Trudno powiedzieć,Trudno powiedzieć,5,1,7,7,7,Kobieta,Imbramowice,Wieś,małopolskie,Nie pracuję,1,0,1,0,0,0,0,,0,"Dopiero na Uniwersytecie Papieskim poczułam, czym są studia i że mają one sens, czego w ogóle nie mogłam dostrzec na Uniwersytecie Jagiellońskim. Poznałam ludzi, z którymi przyjaźń pozwoliła mi rozwinąć się jako człowiek i poszerzyła moje horyzonty, stałam się bardziej otwarta na różne idee i otaczającą mnie rzeczywistość. Studia na tym uniwersytecie pozwoliły mi wygrać z depresją, dzięki temu miejscu i tworzącym je ludziom odkryłam własną wartość i zyskałam odwagę do bycia sobą i realizowania się w życiu. Zaskoczył mnie poziom nauczania na Uniwersytecie Papieskim; jest wyższy, niż się początkowo spodziewałam. Studenci gruntownie przygotowywani są do prowadzenia własnych badań naukowych. Pomimo przywiązania do katolickich wartości uczelnia nie narzuca ich studentom i nie dyskryminuje myślących inaczej, jak miało to miejsce na Uniwersytecie Jagiellońskim, gdzie niektórzy wykładowcy wręcz wyśmiewali myślących inaczej od nich. Niewątpliwą zaletą jest osobisty kontakt z wykładowcami, którzy znają nasze mocne i słabe strony, zawsze gotowi są pomóc i służyć radą, są otwarci na sugestie i pomysły studentów.",Mobile,,,http://m.facebook.com/,00:00:56,00:00:16,00:00:06,00:00:02,,,00:00:05,,00:00:04,00:00:17,00:00:16,,00:01:59,00:00:46,00:00:25,00:07:05,00:19:26,00:00:17,00:06:34,00:03:13,00:02:46,00:00:39,00:00:33,00:01:16,00:22:54
42,398481059,2024-01-17 00:03:31,2024-01-17 00:11:37,00:08:06,00:08:06,Teologia,,Stacjonarne,Jednolite studia magisterskie,,,Drugi,Chciałam/chciałem studiować na innej uczelni,AGH,Tak,AGH,Tak,4,Dawanie informacji wcześniej o godzinach rektorskich. Rozróżnianie przez prowadzących zaliczenia z oceną a egzaminem.,5,6,7,5,5,4,1,0,0,1,0,0,0,1,1,0,0,0,0,1,0,0,1,0,0,0,0,1,0,,Charakter religijny uczelni,Uprzejmość prowadzących,Studiowanie w centum miasta,Uczelnia kościelna,Kierunek studiów,Możliwość połączenia dwóch różnych kierunków na dwóch różnych uczelniach,6,5,6,5,4,3,6,5,6,5,5,4,4,5,2,4,6,4,6,4,3,3,4,3,3,4,3,3,5,4,Kobieta,Szymbark,Wieś,małopolskie,Pracuję na etat (pełny lub część),1,0,0,0,0,0,0,,0,,Mobile,,,http://m.facebook.com/,00:00:09,00:00:07,00:00:05,,,00:00:03,00:00:08,00:00:08,00:00:04,00:00:06,00:00:12,00:01:41,00:00:27,00:00:23,00:00:18,00:00:56,00:00:44,00:00:06,00:00:38,00:00:32,00:00:34,00:00:18,00:00:20,00:00:05,00:00:02
43,398687540,2024-01-17 09:07:36,2024-01-17 13:04:12,03:56:36,03:56:36,Psychologia,,Stacjonarne,Jednolite studia magisterskie,,,Drugi,To jest uczelnia pierwszego wyboru,,Nie,,Nie,4,"Byłoby lepiej, gdyby niektórzy prowadzący/e bardziej przykładali się do uczenia i też tego uczenia studentom niepotrzebnie nie utrudniali np. mogły by być prezentacje z ćwiczeń i konwesratoriów udostępniane dla uczniów, bo i tak mają obowiązek się na nich pojawiać by zyskać zaliczenie, więc czemu odbierać im sprawdzone przez prowadzącą/ego źródło wiedzy? Tak samo prezentacje do przedstawienia na zajęciach na zaliczenie, nie dość że jest to bardzo stresujące dla wielu osób to jeszcze zajęcia mijają praktycznie całe na słuchaniu jak student, który sam do końca tego nie rozumie tłumaczy jakieś pojęcia. Osobiście uważam, że ciężko jako student 2 roku jeszcze przesiać tak wiedzę porządnie na ważną i mniej ważną z tematu o którym 1 raz w życiu się słyszy/czyta. Na końcu takich zajęć prowadzące/y niby mówią jakieś 2 słowa albo próbują prowadzić dyskusje z grupą ale nie ma za bardzo jak tego zrobić, bo nikt tego nie zrozumiał, a potem student ma się z tego uczyć i zdać kolokwia? Jest to marnotrawstwo czasu i można byłoby zamiast tego przeprowadzić zajęcia i potem np. zrobić ćwiczenie lub dyskusje na temat tego co prowadząca/y mówił i co wyjaśnił.",3,3,7,4,3,5,1,0,0,0,0,0,0,0,1,0,0,0,0,0,0,0,0,0,0,0,0,0,1,"Życzliwość, zrozumienie",Większość pracowników uczelni chce studentom pomóc zdać studia a nie im to utrudnić,"Większość pracowników jest bardzo sympatyczna i życzliwa wobec studentów, raczej też jest naprawdę ugodowo nastawiona",Duża otwartość na osoby z niepełnosprawnościami,"Życzliwość, sympatia, ugodowość prowadzących",Brak wyścigu szczurów i presji wywieranych przez prowadzące/ych,Możliwość nauki 2 języków,Trudno powiedzieć,4,3,Trudno powiedzieć,5,4,4,Trudno powiedzieć,Trudno powiedzieć,4,3,6,5,3,Trudno powiedzieć,2,6,3,4,4,Trudno powiedzieć,2,2,5,6,6,Trudno powiedzieć,Trudno powiedzieć,Trudno powiedzieć,4,Kobieta,Kraków,Miasto 500 000 i więcej mieszkańców,małopolskie,"Wykonuję umowy zlecenia, umowy o dzieło",0,1,0,0,0,0,0,,0,"Naprawdę jest ciepła i życzliwa, nie jest to uczelnia na której człowiek czuje się jak 0 i 1 w systemie tylko jak prawdziwa osoba, religijny aspekt jest wspierany mocno jeśli chodzi o jakieś dodatkowe aktywności jak chór, jakieś msze organizowane w okolicznych kościołach w ramach uroczystości katolickich lub narodowych ale rzadko kiedy to się odbija na nauczaniu, zwykle nie ważne czy uczy ksiądz czy prowadzący/e świeccy/kie to jest to czysta wiedzą a nie jakąś indoktrynacja. Większość osób jest otwarta na dyskusje, czy nowe perspektywy, spojrzenia młodych ludzi. Jednak na razie brakuje jej nowoczesności, choć się starają żeby ona była (budowany jest nowy kampus) więc być może to się zmieni na lepsze. Jakość nauczania jest różna, zależy od osoby, są niektórzy fantastyczni prowadzacy/e ale duża część jest też taka która po prostu chyba przez lata się znudziła czy rozleniwiła i teraz trochę to jest takie na odwal się, no albo ktoś po prostu słabo przekazuje wiedze, w sposób nieciekawy. Ale i tak jeśli ktoś się uczy systematycznie to nie powinien  być bardzo załamany. Zaliczenia zwykle są tak zrobione żeby naprawdę student nie miał pod górkę tylko mógł zaliczyć spokojnie. Poprawy też nie raz są np. 2 czy 3. Tak żeby jak komuś się podwinie noga to nie musiał od razu czekać do września. To zdecydowanie zmniejsza presje i dzięki temu większość zalicza za 1 razem. Podsumowując nie jest to idealny uniwersytet ale jest wyrozumiały i ludzki i to naprawdę tyczy się masy osób tam pracujących.",Mobile,,,https://lm.facebook.com/,00:01:34,00:00:16,00:00:07,,,00:00:04,00:00:08,,00:00:05,,00:00:30,00:13:02,00:04:42,00:02:40,00:01:28,00:04:51,00:03:28,00:00:36,00:01:44,03:04:55,00:01:11,00:00:45,00:00:32,00:00:27,00:13:31
44,398728097,2024-01-17 19:16:30,2024-01-17 19:32:37,00:16:07,00:16:07,Pedagogika,,Stacjonarne,Pierwszy,Pierwszy,,,Chciałam/chciałem studiować na innej uczelni,Uniwersytet Komisji Edukacji Narodowej w Krakowie,Nie,,Tak,6,,5,5,7,Nie jest to dla mnie istotne,6,6,1,0,1,0,0,0,1,0,1,1,0,0,0,0,0,0,0,0,0,0,1,1,0,,Atmosfera,,,Pożądany kierunek studiów,,,7,4,Trudno powiedzieć,6,6,Trudno powiedzieć,Trudno powiedzieć,4,1,7,7,7,7,4,4,Trudno powiedzieć,Trudno powiedzieć,Trudno powiedzieć,6,Trudno powiedzieć,Trudno powiedzieć,Trudno powiedzieć,4,5,Trudno powiedzieć,Trudno powiedzieć,Trudno powiedzieć,7,Trudno powiedzieć,Trudno powiedzieć,Kobieta,Wińsko,Wieś,dolnośląskie,Wolę nie odpowiadać,0,0,0,0,0,0,0,,1,,PC,,,https://l.facebook.com/,00:00:46,00:00:25,00:00:09,00:00:05,,,00:00:08,00:01:56,00:00:06,,00:00:16,,00:00:53,00:01:20,00:03:38,00:00:45,00:00:44,00:00:43,00:01:07,00:00:44,00:00:42,00:00:30,00:00:47,00:00:19,00:00:04
45,398896604,2024-01-18 07:14:24,2024-01-18 07:37:45,00:23:21,00:23:21,Teologia,,Stacjonarne,Jednolite studia magisterskie,,,Trzeci,To jest uczelnia pierwszego wyboru,,Tak,Uniwersytet Jagielloński,Nie,6,,3,7,7,5,6,Trudno powiedzieć,1,0,0,0,0,0,1,0,1,1,0,0,0,1,0,0,0,0,0,0,1,1,0,,"Indywidualne podejście - żaden student nie jest anonimowy, nie jest tylko numerkiem na liście",Katolickie wartości,Wspólnota akademicka - zarówno studentów jak i profesorów,Kierunek studiów,Poziom nauczania,,5,6,6,6,4,5,6,4,6,5,6,Trudno powiedzieć,5,5,4,5,7,4,7,5,6,6,7,7,6,6,3,4,5,6,Kobieta,Kraków,Miasto 500 000 i więcej mieszkańców,małopolskie,"Pracuję, ale nie mam umowy",1,0,0,0,0,0,0,,0,,Mobile,,,https://www.webankieta.pl/ankieta/1094006/r/1/badanie-osob-studiujacych-na-upjpii.html?tracker365369189&,00:00:23,00:00:09,00:00:05,,,00:00:03,00:00:08,,00:00:04,00:00:07,00:00:12,,00:01:00,00:00:53,00:00:38,00:01:21,00:00:46,00:00:10,00:13:37,00:00:47,00:01:37,00:00:30,00:00:38,00:00:05,00:00:08
46,398931902,2024-01-18 13:31:31,2024-01-18 13:39:28,00:07:57,00:07:57,Teologia,,Stacjonarne,Jednolite studia magisterskie,,,Piąty,To jest uczelnia pierwszego wyboru,,Nie,,Tak,5,W Tarnowie więcej udogodnień np automaty z jedzeniem i piciem,3,4,7,4,3,Nie jest to dla mnie istotne,1,0,0,0,0,0,0,0,0,0,0,0,0,1,0,0,1,0,1,0,0,0,0,,.,.,.,Miasto studiowania,Łatwe dostanie sie,Kierunek,4,6,7,5,Trudno powiedzieć,Trudno powiedzieć,6,Trudno powiedzieć,Trudno powiedzieć,Trudno powiedzieć,Trudno powiedzieć,Trudno powiedzieć,Trudno powiedzieć,6,Trudno powiedzieć,2,7,Trudno powiedzieć,6,Trudno powiedzieć,Trudno powiedzieć,5,5,Trudno powiedzieć,6,7,3,Trudno powiedzieć,6,4,Kobieta,Okolice Nowego Sącza,Wieś,małopolskie,Pracuję na etat (pełny lub część),1,0,0,0,0,0,0,,0,,Mobile,,,,00:00:15,00:00:14,00:00:06,,,00:00:02,00:01:18,,00:00:03,,00:00:11,00:00:30,00:00:33,00:00:20,00:00:12,00:00:15,00:00:21,00:00:15,00:00:53,00:00:32,00:00:41,00:00:30,00:00:39,00:00:05,00:00:02
47,398960213,2024-01-18 19:30:47,2024-01-18 19:41:55,00:11:08,00:11:08,Psychologia,,Stacjonarne,Jednolite studia magisterskie,,,Czwarty,Chciałam/chciałem studiować na innej uczelni,Uniwersytet Pedagogiczny w Krakowie,Tak,Uniwersytet Pedagogiczny w Krakowie,Nie,5,Organizacja spraw administracyjnych,4,5,6,Nie jest to dla mnie istotne,6,4,1,0,0,0,0,1,0,1,1,1,0,0,0,0,0,0,0,0,0,1,1,0,0,,kameralność,łatwość w nawiązywaniu kontaktów z innymi studentami i pracownikami,katolicki,praktyki,specjalności,lokalizacja,4,3,3,3,5,4,5,2,2,5,5,6,6,5,4,3,5,3,4,Trudno powiedzieć,Trudno powiedzieć,2,2,1,1,3,5,6,6,4,Kobieta,Kraków,Wieś,małopolskie,Pracuję na etat (pełny lub część),0,0,1,0,0,0,0,,0,,PC,,,,00:00:09,00:00:07,00:00:06,,,00:00:04,00:01:45,00:01:08,00:00:05,00:00:15,00:00:10,00:00:19,00:00:56,00:00:52,00:00:28,00:01:11,00:00:20,00:00:05,00:00:47,00:00:34,00:00:50,00:00:19,00:00:26,00:00:08,00:00:04
48,398962247,2024-01-18 20:06:13,2024-01-18 20:30:09,00:23:56,00:23:56,Historia,,Stacjonarne,Pierwszy,Pierwszy,,,Chciałam/chciałem studiować na innej uczelni,Uniwersytet Pedagogiczny im. KEN w Krakowie,Nie,,Tak,7. Wysoka satysfakcja,,5,6,6,Nie jest to dla mnie istotne,6,5,1,0,1,0,0,0,1,0,1,0,0,0,0,1,0,0,1,1,0,0,0,0,0,,Wspólnotowa (tu nie jest się anonimem),"Wykładowcy są zaangażowani, służą pomocą",Pamiętanie o tradycji,Możliwość posiadania stypendium,Popularna,,5,6,2,Trudno powiedzieć,Trudno powiedzieć,Trudno powiedzieć,4,Trudno powiedzieć,Trudno powiedzieć,7,7,4,Trudno powiedzieć,7,Trudno powiedzieć,2,6,4,5,Trudno powiedzieć,Trudno powiedzieć,6,4,2,Trudno powiedzieć,Trudno powiedzieć,Trudno powiedzieć,Trudno powiedzieć,4,Trudno powiedzieć,Kobieta,Sromowce Niżne,Wieś,małopolskie,Nie pracuję,1,1,1,0,0,0,0,,0,"Panuje tutaj bardzo miła atmosfera, nie ma ""wyścigu szczurów""",Mobile,,,http://m.facebook.com/,00:01:00,00:00:30,00:00:09,00:00:08,,,00:00:14,00:00:41,00:00:04,,00:00:17,,00:02:38,00:01:13,00:01:08,00:03:48,00:02:17,00:00:40,00:02:40,00:01:06,00:02:09,00:00:43,00:01:33,00:00:28,00:00:30
49,399582545,2024-01-22 21:52:01,2024-01-22 22:01:32,00:09:31,00:09:31,Psychologia,,Stacjonarne,Jednolite studia magisterskie,,,Pierwszy,To jest uczelnia pierwszego wyboru,,Nie,,Tak,7. Wysoka satysfakcja,,6,5,5,Trudno powiedzieć,Trudno powiedzieć,Trudno powiedzieć,1,0,0,0,0,0,0,0,1,0,0,0,0,1,0,0,0,1,0,0,0,1,0,,Postawienie na duchowość,Nacisk na zgłębienie poglądów,Pogłębienie wiary,Ilość godzin praktyk,Wybór specjalizacji,Odmienne przedmioty,6,6,6,4,5,4,7,5,6,6,6,6,6,5,5,5,6,4,5,5,5,5,4,6,7,7,5,5,5,5,Kobieta,Zakopane,Miasto 20 000-99 999 mieszkańców,małopolskie,Nie pracuję,0,1,0,0,0,0,0,,0,,Mobile,,,http://m.facebook.com/,00:00:14,00:00:11,00:00:08,,,00:00:04,00:00:06,,00:00:04,,00:00:36,,00:01:11,00:00:32,00:00:14,00:01:13,00:00:33,00:00:04,00:01:11,00:00:37,00:00:43,00:00:24,00:01:08,00:00:18,00:00:06
50,399582638,2024-01-22 21:53:05,2024-01-22 22:03:59,00:10:54,00:10:54,Psychologia,,Stacjonarne,Jednolite studia magisterskie,Pierwszy,,Pierwszy,To jest uczelnia pierwszego wyboru,,Nie,,Tak,5,"Wizualny wygląd uczelni, szczególnie budynek na ul. Bernardyńskiej, uczelnia mogłaby być bardziej znana, prestiżowa, rozwój social mediów uczelni, dzięki którym więcej osób mogłoby ją poznać, więcej ciekawych eventów integracyjnych dla studentów",1,4,7,Nie jest to dla mnie istotne,2,2,1,0,0,0,0,0,0,0,1,1,0,0,0,1,0,0,1,0,0,1,0,0,0,,-,-,-,Miasto,Blisko miejsca zamieszkania,Mój kierunek studiów,2,7,7,1,2,1,7,1,1,Trudno powiedzieć,Trudno powiedzieć,Trudno powiedzieć,1,7,1,7,7,Trudno powiedzieć,6,Trudno powiedzieć,1,2,6,1,2,6,Trudno powiedzieć,Trudno powiedzieć,Trudno powiedzieć,Trudno powiedzieć,Kobieta,Kielce,Miasto 100 000-499 999 mieszkańców,świętokrzyskie,Nie pracuję,0,0,1,0,1,0,0,,0,,Mobile,,,http://m.facebook.com/,00:00:09,00:00:09,00:00:13,,,,00:00:11,,00:00:10,,00:00:13,00:03:58,00:00:58,00:00:27,00:00:12,00:00:26,00:00:38,00:00:05,00:00:45,00:00:44,00:00:42,00:00:15,00:00:26,00:00:20,00:00:02
51,399791909,2024-01-23 21:03:23,2024-01-23 21:10:45,00:07:22,00:07:22,"Komunikowanie promocyjno-wizerunkowe - reklama, branding, public relations",,Stacjonarne,Drugi,,Pierwszy,,To jest uczelnia pierwszego wyboru,,Nie,,Tak,6,,4,6,7,6,4,4,0,0,1,1,0,1,0,0,1,0,0,0,0,1,0,0,0,0,0,0,1,1,0,,rodzinna,otwartość wykładowców względem studentów,przyjazna,kreatywny kierunek studiów,rozwój bazy akademickiej,podążanie za trendami w na rynku pracy - branża kreatywna,6,5,5,6,6,6,5,6,6,6,7,6,6,6,5,4,6,5,5,5,7,6,6,6,6,7,4,6,5,6,Mężczyzna,,Wieś,małopolskie,Nie pracuję,1,1,1,0,1,0,0,,0,,PC,,,https://www.webankieta.pl/ankieta/1094006/r/1/badanie-osob-studiujacych-na-upjpii.html?tracker365369237&,00:00:07,00:00:15,00:00:04,,00:00:05,,00:00:04,,00:00:16,,00:00:16,,00:00:29,00:00:52,00:00:14,00:00:49,00:00:42,00:00:02,00:00:33,00:00:40,00:00:41,00:00:20,00:00:42,00:00:10,00:00:04
52,400004876,2024-01-24 11:00:10,2024-01-24 11:08:02,00:07:52,00:07:52,Dziennikarstwo i komunikacja społeczna,,Stacjonarne,Drugi,,Drugi,,To jest uczelnia pierwszego wyboru,,Tak,Wyższa szkoła technologii informatyczny w Katowicach,Tak,5,"Organizacja, zarządzanie uczelnią",4,6,7,7,7,3,0,0,0,1,0,0,0,0,0,0,0,0,1,0,0,0,0,0,0,0,1,0,0,,Atmosfera,Lokalizacja,Prestiż międzynarodowy,Program zajęć,Lokalizacja,,7,3,4,7,3,3,2,6,2,7,7,7,6,7,4,2,7,5,5,5,2,5,4,3,3,5,Trudno powiedzieć,7,Trudno powiedzieć,7,Mężczyzna,Katowice,Miasto do 19 999 mieszkańców,śląskie,Pracuję na etat (pełny lub część),0,1,1,0,1,0,0,,0,,Mobile,,,http://m.facebook.com,00:00:19,00:00:08,00:00:06,,00:00:03,,00:00:05,,00:00:04,00:00:22,00:00:18,00:00:20,00:00:34,00:00:22,00:00:15,00:00:38,00:00:30,00:00:04,00:00:51,00:00:39,00:00:52,00:00:25,00:00:36,00:00:18,00:00:03
53,400006247,2024-01-24 11:06:30,2024-01-24 11:21:14,00:14:44,00:14:44,Dziennikarstwo i komunikacja społeczna,,Stacjonarne,Pierwszy,Trzeci,,,To jest uczelnia pierwszego wyboru,,Nie,,Tak,7. Wysoka satysfakcja,,6,6,7,6,6,5,0,0,0,0,0,0,0,1,0,0,0,0,0,0,0,0,0,0,0,1,0,0,0,,patron,wiara,rozum,patron,wartości,wiedza,5,4,6,6,6,7,6,7,7,6,6,7,6,6,5,6,7,6,6,5,6,7,7,7,6,6,5,5,6,6,Kobieta,,Miasto 20 000-99 999 mieszkańców,małopolskie,"Wykonuję umowy zlecenia, umowy o dzieło",1,0,0,0,0,0,0,,0,"Dzięki niektórym, wyjątkowym osobom, nabiera szczególnej wartości.",PC,,,https://l.facebook.com/,00:00:10,00:00:09,00:00:11,00:00:06,,,00:00:06,,00:00:05,,00:00:17,,00:01:19,00:00:43,00:00:38,00:02:23,00:00:29,00:00:26,00:01:21,00:00:51,00:01:03,00:00:42,00:00:54,00:00:16,00:02:35
54,400446722,2024-01-26 11:29:29,2024-01-26 11:47:52,00:18:23,00:18:23,Dziennikarstwo i komunikacja społeczna,,Stacjonarne,Pierwszy,Drugi,,,To jest uczelnia pierwszego wyboru,,Nie,,Nie,6,,5,6,7,5,5,5,1,0,0,0,0,0,1,0,1,1,0,0,0,0,0,0,1,0,0,0,1,0,0,,Indywidualne podejście,W sercu Krakowa,Nie muszę wstydzić się eiary,Katolicka,W centrum Krakowa,Kierunek,5,6,6,5,6,6,6,7,7,6,6,7,6,6,6,7,7,5,6,5,6,6,7,6,6,7,5,5,6,6,Mężczyzna,Kraków,Miasto 500 000 i więcej mieszkańców,małopolskie,Wolę nie odpowiadać,0,0,1,0,1,0,0,,0,"Otrzymałem tu wiele zrozumienia.
Szczególnie Pani z sekretariatu idiks jest bardzo pomocna dla studentów w różnych sprawach.
To wyjątkowe miejsce i cieszę się, że tu studiuję.",Mobile,,,https://lm.facebook.com/,00:00:14,00:00:17,00:00:08,00:00:04,,,00:00:06,,00:00:05,,00:00:32,,00:01:04,00:00:32,00:00:51,00:01:38,00:01:19,00:00:08,00:01:16,00:01:10,00:01:06,00:00:43,00:01:10,00:00:26,00:05:34
55,400478849,2024-01-26 14:24:08,2024-01-26 14:40:49,00:16:41,00:16:41,Dziennikarstwo i komunikacja społeczna,,Stacjonarne,Pierwszy,Trzeci,,,To jest uczelnia pierwszego wyboru,,Nie,,Tak,6,,5,5,7,4,5,4,1,0,1,0,0,0,0,0,0,0,0,0,0,1,0,0,1,0,0,0,0,1,0,,Koscielna,Humaniztyczna,W sercu Krakowa,Kierunek,Koscielna,Kraków,5,5,6,5,5,6,6,6,5,5,5,6,5,5,4,6,7,4,5,4,4,5,5,5,5,5,4,5,4,5,Mężczyzna,Tarnów,Miasto 100 000-499 999 mieszkańców,małopolskie,Nie pracuję,1,0,0,1,0,0,0,,0,,Mobile,,,https://lm.facebook.com/,00:00:09,00:00:11,00:00:06,00:00:05,,,00:00:07,,00:00:25,,00:00:16,,00:01:04,00:00:31,00:00:28,00:02:58,00:00:34,00:00:05,00:01:57,00:01:10,00:01:18,00:01:09,00:03:46,00:00:16,00:00:09
56,400580867,2024-01-26 14:40:51,2024-01-27 20:33:29,05:52:38,05:52:38,Dziennikarstwo i komunikacja społeczna,,Stacjonarne,Pierwszy,Trzeci,,,To jest uczelnia pierwszego wyboru,,Nie,,Nie,6,,6,5,7,6,6,5,0,0,1,0,0,0,0,1,1,1,0,0,0,1,0,0,0,0,0,0,0,1,0,,Koscielny,Patron,Wiedza,Kierunek,Katolicki,Profesjonalizm,5,5,6,4,5,6,6,6,6,5,5,6,5,5,4,6,7,4,5,4,4,6,7,6,5,6,4,5,5,5,Kobieta,Kraków,Miasto 500 000 i więcej mieszkańców,małopolskie,"Wykonuję umowy zlecenia, umowy o dzieło",1,0,0,0,0,0,0,,0,"Dobrze się tu czuję,  szczególnie w naszym Instytucie.
Brakuje na uczelni dostępu do drukarek i ksero oraz automatów z kawą🙃",Mobile,,,https://www.webankieta.pl/,29:36:09,00:00:17,00:00:07,00:00:17,,,00:00:09,,00:00:04,,00:00:22,,00:01:01,00:00:33,00:00:12,00:03:15,00:00:41,00:00:06,00:01:18,00:01:16,00:01:09,00:00:40,00:00:57,00:00:10,00:03:55
57,400873235,2024-01-29 14:10:54,2024-01-29 14:15:40,00:04:46,00:04:46,Turystyka i zarządzanie dziedzictwem,,Stacjonarne,Pierwszy,Drugi,,,To jest uczelnia pierwszego wyboru,,Nie,,Tak,4,Sam nie wiem,5,4,7,5,6,6,0,0,1,0,0,0,1,0,0,1,0,0,0,0,0,0,0,0,0,1,0,0,0,,Kameralność,Kadra,W centrum,W centrum,Opinie,Kameralność,6,4,4,6,6,6,6,4,5,6,7,6,6,5,4,2,7,4,5,Trudno powiedzieć,Trudno powiedzieć,5,4,6,6,7,Trudno powiedzieć,5,Trudno powiedzieć,4,Mężczyzna,,Wieś,małopolskie,Nie pracuję,0,1,0,0,0,0,0,,0,,Mobile,,,,00:00:06,00:00:14,00:00:04,00:00:02,,,00:00:03,,00:00:03,,00:00:17,00:00:09,00:00:26,00:00:11,00:00:10,00:00:24,00:00:17,00:00:03,00:00:42,00:00:24,00:00:27,00:00:17,00:00:20,00:00:05,00:00:02
58,400906844,2024-01-29 20:44:21,2024-01-29 21:03:05,00:18:44,00:18:44,Turystyka i zarządzanie dziedzictwem,,Stacjonarne,Pierwszy,Drugi,,,To jest uczelnia pierwszego wyboru,,Nie,,Tak,4,Mniejsza ilość zajęć oraz godzin praktyk do wypracowania,6,4,6,3,Trudno powiedzieć,Trudno powiedzieć,1,1,0,0,0,1,0,0,1,0,0,0,0,1,0,0,0,0,1,1,0,0,0,,Tradycja,Różnorodność kierunków,Prestiż,Ocena uczelni,Kierunek,,4,4,7,6,4,5,6,6,7,3,1,5,6,6,5,7,7,4,5,5,4,7,7,5,7,7,6,7,7,6,Mężczyzna,Bielsko Biała,Miasto 100 000-499 999 mieszkańców,śląskie,"Wykonuję umowy zlecenia, umowy o dzieło",0,0,1,0,0,0,0,,0,,Mobile,,,,00:00:16,00:00:10,00:00:08,00:00:03,,,00:00:06,,00:00:04,,00:00:18,00:12:19,00:00:29,00:00:59,00:00:13,00:00:33,00:00:11,00:00:06,00:00:34,00:00:38,00:00:32,00:00:20,00:00:29,00:00:12,00:00:04
59,400912442,2024-01-29 23:55:28,2024-01-30 00:07:38,00:12:10,00:12:10,Historia,,Stacjonarne,Pierwszy,Trzeci,,,To jest uczelnia pierwszego wyboru,,Tak,Akademia Górniczo - Hutnicza,Tak,7. Wysoka satysfakcja,,2,6,7,6,5,6,1,0,0,0,0,0,0,0,1,0,0,0,0,1,0,0,1,0,0,1,0,0,0,,kameralność - zajęcia w małych grupach umożliwiające łatwiejszy kontakt z wykładowcą,integracja - lepsza integracja z osobami z roku,"dostępność - student traktowana jako osoba, nie numer w indeksie, łatwiejsze wybicie się w ramach samorządu, czy kół naukowych",wrażliwość na potrzeby religijne i duchowe,kameralność zajęć na uczelni,interesująca mnie oferta edukacyjna,Trudno powiedzieć,4,6,6,Trudno powiedzieć,7,6,7,4,6,6,6,6,7,7,5,6,6,6,Trudno powiedzieć,6,5,6,6,Trudno powiedzieć,6,1,6,4,6,Mężczyzna,Tomaszów Mazowiecki,Miasto 20 000-99 999 mieszkańców,łódzkie,Nie pracuję,0,0,0,0,1,0,0,,0,Wszystko zawarłem w poprzednich pytaniach.,PC,,,https://www.webankieta.pl/ankieta/1094006/r/1/badanie-osob-studiujacych-na-upjpii.html?tracker365369270&,00:00:54,00:00:09,00:00:06,00:00:03,,,00:00:10,,00:00:04,00:00:12,00:00:12,,00:00:42,00:00:30,00:03:40,00:00:05,00:01:04,00:00:17,00:00:58,00:00:34,00:00:41,00:00:18,00:01:06,00:00:07,00:00:18
60,407018766,2024-02-22 17:34:28,2024-02-22 18:01:16,00:26:48,00:26:48,Nauki o rodzinie,,Stacjonarne,Pierwszy,Pierwszy,,,To jest uczelnia pierwszego wyboru,,Nie,,Nie,7. Wysoka satysfakcja,,Trudno powiedzieć,6,Trudno powiedzieć,6,6,6,1,0,0,0,0,0,0,0,0,1,0,0,0,0,0,0,0,0,0,0,1,0,0,,Kameralność,Uczelnia katolicka,,Kierunek studiów,Zgodność z wyznawanymi przeze mnie wartościami,,6,6,6,Trudno powiedzieć,Trudno powiedzieć,Trudno powiedzieć,6,Trudno powiedzieć,5,7,7,6,6,7,6,Trudno powiedzieć,6,Trudno powiedzieć,6,4,Trudno powiedzieć,Trudno powiedzieć,6,Trudno powiedzieć,Trudno powiedzieć,Trudno powiedzieć,3,3,3,Trudno powiedzieć,Kobieta,Kraków,Miasto 500 000 i więcej mieszkańców,małopolskie,Nie pracuję,1,1,1,0,1,0,0,,0,,Mobile,,,,00:00:11,00:00:08,00:00:06,00:00:02,,,00:00:03,,00:00:05,,00:00:10,,00:00:43,00:00:38,00:01:06,00:03:14,00:02:44,00:00:27,00:09:14,00:06:06,00:00:08,00:00:04,00:00:54,00:00:38,00:00:07